データ日時,発電量(kwh),消費量(kwh),売電量(kwh),買電量(kwh)
2025/05/01 00:00,0,0.49,0.01,0
2025/05/01 01:00,0,0.97,0,0.66
2025/05/01 02:00,0,0.33,0,0.37
2025/05/01 03:00,0,0.37,0,0.4
2025/05/01 04:00,0.01,0.47,0,0.48
2025/05/01 05:00,0.38,0.52,0,0.23
2025/05/01 06:00,2.14,1.14,0.01,0.32
2025/05/01 07:00,4.44,0.35,0.1,0
2025/05/01 08:00,6.43,0.68,4.75,0
2025/05/01 09:00,7.83,0.55,7.28,0
2025/05/01 10:00,8.08,1.17,6.9,0
2025/05/01 11:00,7.88,0.47,7.41,0
2025/05/01 12:00,8.41,0.57,7.83,0
2025/05/01 13:00,7.91,0.48,7.43,0
2025/05/01 14:00,5.9,0.45,5.45,0
2025/05/01 15:00,4.86,0.51,4.35,0
2025/05/01 16:00,2.69,1.48,1.23,0
2025/05/01 17:00,0.77,1.54,0.01,0.01
2025/05/01 18:00,0.02,0.35,0.01,0.01
2025/05/01 19:00,0,1.13,0.01,0.03
2025/05/01 20:00,0,0.3,0,0
2025/05/01 21:00,0,0.73,0.01,0
2025/05/01 22:00,0,0.46,0.01,0.01
2025/05/01 23:00,0,0.57,0,0
2025/05/02 00:00,0,0.24,0,0
2025/05/02 01:00,0,0.26,0,0
2025/05/02 02:00,0,0.31,0,0
2025/05/02 03:00,0,0.51,0,0.4
2025/05/02 04:00,0,0.47,0,0.5
2025/05/02 05:00,0.32,0.33,0,0.12
2025/05/02 06:00,2.17,0.4,0.01,0.01
2025/05/02 07:00,5.38,1.01,0.25,0.01
2025/05/02 08:00,5.72,0.28,4.75,0
2025/05/02 09:00,7.59,0.32,7.27,0
2025/05/02 10:00,5.77,0.32,5.46,0
2025/05/02 11:00,2.21,0.27,1.94,0
2025/05/02 12:00,1.76,0.38,1.38,0
2025/05/02 13:00,1.01,0.28,0.74,0
2025/05/02 14:00,0.75,0.34,0.42,0
2025/05/02 15:00,1.16,0.3,0.86,0
2025/05/02 16:00,0.42,1.55,0.05,0.01
2025/05/02 17:00,0.07,1.65,0.01,0.01
2025/05/02 18:00,0,0.32,0.01,0
2025/05/02 19:00,0,0.4,0.01,0
2025/05/02 20:00,0,0.35,0,0
2025/05/02 21:00,0,0.63,0.01,0.01
2025/05/02 22:00,0,0.31,0.01,0
2025/05/02 23:00,0,0.28,0.01,0
2025/05/03 00:00,0,0.31,0.01,0
2025/05/03 01:00,0,0.26,0,0.27
2025/05/03 02:00,0,0.25,0,0.28
2025/05/03 03:00,0,0.26,0,0.3
2025/05/03 04:00,0,0.25,0,0.28
2025/05/03 05:00,0.09,0.29,0,0.2
2025/05/03 06:00,0.74,0.33,0.01,0.01
2025/05/03 07:00,3.1,0.42,0.01,0.01
2025/05/03 08:00,6.88,0.82,2.32,0.01
2025/05/03 09:00,7.86,0.41,7.44,0
2025/05/03 10:00,8.38,0.22,8.16,0
2025/05/03 11:00,6.31,0.27,6.04,0
2025/05/03 12:00,4.99,0.26,4.73,0
2025/05/03 13:00,4.4,0.27,4.14,0
2025/05/03 14:00,3.1,0.48,2.62,0
2025/05/03 15:00,1.49,0.74,0.87,0
2025/05/03 16:00,1.08,1.89,0.01,0.01
2025/05/03 17:00,0.29,1.74,0.01,0.01
2025/05/03 18:00,0,0.27,0,0
2025/05/03 19:00,0,0.26,0,0
2025/05/03 20:00,0,0.28,0.01,0
2025/05/03 21:00,0,0.83,0.01,0.01
2025/05/03 22:00,0,0.4,0.01,0
2025/05/03 23:00,0,0.31,0,0
2025/05/04 00:00,0,0.26,0.01,0
2025/05/04 01:00,0,0.27,0.01,0
2025/05/04 02:00,0,0.26,0,0.29
2025/05/04 03:00,0,0.26,0,0.3
2025/05/04 04:00,0,0.32,0,0.36
2025/05/04 05:00,0.04,0.27,0,0.24
2025/05/04 06:00,0.72,0.27,0,0.05
2025/05/04 07:00,2.73,0.33,0.05,0.01
2025/05/04 08:00,3.1,0.73,0.03,0.01
2025/05/04 09:00,3.87,0.6,1.81,0
2025/05/04 10:00,5.53,0.49,5.04,0
2025/05/04 11:00,6.71,0.9,5.8,0
2025/05/04 12:00,5.78,0.74,5.03,0
2025/05/04 13:00,1.81,0.5,1.31,0
2025/05/04 14:00,0.77,0.51,0.31,0
2025/05/04 15:00,1.84,0.95,1,0
2025/05/04 16:00,1.49,2.04,0.19,0.01
2025/05/04 17:00,0.55,2.4,0.01,0.01
2025/05/04 18:00,0.01,2.04,0.01,0.02
2025/05/04 19:00,0,1.92,0,1.42
2025/05/04 20:00,0,0.58,0,0.62
2025/05/04 21:00,0,0.66,0,0.7
2025/05/04 22:00,0,0.31,0,0.35
2025/05/04 23:00,0,0.27,0,0.31
2025/05/05 00:00,0,0.26,0,0.3
2025/05/05 01:00,0,0.28,0,0.32
2025/05/05 02:00,0,0.31,0,0.35
2025/05/05 03:00,0,0.27,0,0.31
2025/05/05 04:00,0,0.31,0,0.35
2025/05/05 05:00,0.02,0.28,0,0.27
2025/05/05 06:00,0.12,0.3,0,0.19
2025/05/05 07:00,0.75,0.31,0.02,0.09
2025/05/05 08:00,2.36,0.79,0.13,0.01
2025/05/05 09:00,2.13,0.64,0.04,0.01
2025/05/05 10:00,6.16,0.57,2.64,0.01
2025/05/05 11:00,7.58,0.57,7,0
2025/05/05 12:00,6.85,0.56,6.29,0
2025/05/05 13:00,6.3,0.55,5.75,0
2025/05/05 14:00,6.63,0.49,6.13,0
2025/05/05 15:00,4.64,0.49,4.15,0
2025/05/05 16:00,3.03,1.18,1.98,0
2025/05/05 17:00,0.78,1.42,0.02,0.01
2025/05/05 18:00,0.04,0.37,0.01,0.01
2025/05/05 19:00,0,0.86,0.01,0.01
2025/05/05 20:00,0,0.29,0.01,0
2025/05/05 21:00,0,0.29,0,0
2025/05/05 22:00,0,0.29,0.01,0
2025/05/05 23:00,0,0.33,0.01,0
2025/05/06 00:00,0,0.3,0,0
2025/05/06 01:00,0,0.28,0,0
2025/05/06 02:00,0,0.31,0,0
2025/05/06 03:00,0,0.25,0.01,0
2025/05/06 04:00,0,0.3,0,0
2025/05/06 05:00,0.04,0.28,0,0
2025/05/06 06:00,0.48,0.25,0.01,0.01
2025/05/06 07:00,1.47,0.32,0,0
2025/05/06 08:00,1.11,1.77,0.01,0.01
2025/05/06 09:00,1.02,1.25,0.01,0.01
2025/05/06 10:00,1.35,0.78,0,0
2025/05/06 11:00,1.45,1.34,0.01,0.01
2025/05/06 12:00,1.23,0.62,0.01,0
2025/05/06 13:00,0.58,0.6,0,0
2025/05/06 14:00,0.53,0.63,0.01,0.01
2025/05/06 15:00,0.34,0.62,0,0
2025/05/06 16:00,0.14,1.92,0,0.88
2025/05/06 17:00,0.13,1.71,0,1.58
2025/05/06 18:00,0,0.36,0,0.39
2025/05/06 19:00,0,0.56,0,0.6
2025/05/06 20:00,0,1.06,0,1.1
2025/05/06 21:00,0,0.4,0,0.43
2025/05/06 22:00,0,0.29,0,0.33
2025/05/06 23:00,0,0.24,0,0.28
2025/05/07 00:00,0,0.28,0,0.32
2025/05/07 01:00,0,0.28,0,0.31
2025/05/07 02:00,0,1.1,0,1.13
2025/05/07 03:00,0,0.26,0,0.3
2025/05/07 04:00,0,0.38,0,0.41
2025/05/07 05:00,0.02,0.3,0,0.29
2025/05/07 06:00,0.26,0.38,0,0.15
2025/05/07 07:00,0.65,0.39,0.01,0.01
2025/05/07 08:00,1.38,0.82,0,0
2025/05/07 09:00,3.76,0.65,0,0
2025/05/07 10:00,3.44,0.58,0.56,0
2025/05/07 11:00,5.19,0.7,4.45,0
2025/05/07 12:00,6.44,1.23,5.2,0
2025/05/07 13:00,2.64,0.65,1.99,0
2025/05/07 14:00,1.37,0.57,0.81,0
2025/05/07 15:00,0.42,0.57,0.07,0
2025/05/07 16:00,0.18,1.66,0.01,0.01
2025/05/07 17:00,0.3,1.95,0.01,0.01
2025/05/07 18:00,0.11,2.21,0.01,0.19
2025/05/07 19:00,0,1.82,0,1.85
2025/05/07 20:00,0,0.53,0,0.56
2025/05/07 21:00,0,0.65,0,0.68
2025/05/07 22:00,0,0.31,0,0.34
2025/05/07 23:00,0,0.34,0,0.37
2025/05/08 00:00,0,0.27,0,0.3
2025/05/08 01:00,0,0.26,0,0.29
2025/05/08 02:00,0,0.26,0,0.29
2025/05/08 03:00,0,0.27,0,0.3
2025/05/08 04:00,0.02,0.47,0,0.46
2025/05/08 05:00,0.44,0.28,0,0.09
2025/05/08 06:00,2.44,0.47,0.01,0.01
2025/05/08 07:00,5.27,0.36,0.73,0
2025/05/08 08:00,6.87,0.35,6.48,0
2025/05/08 09:00,7.4,0.31,7.09,0
2025/05/08 10:00,6.89,0.32,6.57,0
2025/05/08 11:00,7.38,0.24,7.14,0
2025/05/08 12:00,6.21,0.35,5.86,0
2025/05/08 13:00,6.88,0.28,6.6,0
2025/05/08 14:00,5.9,0.31,5.6,0
2025/05/08 15:00,5.06,0.32,4.74,0
2025/05/08 16:00,2.97,0.82,2.15,0
2025/05/08 17:00,0.88,1.11,0.07,0
2025/05/08 18:00,0.04,1.01,0.01,0.02
2025/05/08 19:00,0,0.73,0.01,0.01
2025/05/08 20:00,0,0.37,0.01,0
2025/05/08 21:00,0,0.36,0,0
2025/05/08 22:00,0,0.27,0.01,0
2025/05/08 23:00,0,0.55,0,0
2025/05/09 00:00,0,0.72,0,0
2025/05/09 01:00,0,0.33,0.01,0
2025/05/09 02:00,0,0.26,0,0
2025/05/09 03:00,0,0.23,0.01,0
2025/05/09 04:00,0.03,0.54,0,0.41
2025/05/09 05:00,0.53,1.1,0,0.67
2025/05/09 06:00,2.49,0.83,0.01,0.01
2025/05/09 07:00,5.23,0.42,0.06,0.01
2025/05/09 08:00,5.96,1.11,4.61,0
2025/05/09 09:00,7.43,0.28,7.15,0
2025/05/09 10:00,7.59,0.3,7.3,0
2025/05/09 11:00,7.82,0.42,7.4,0
2025/05/09 12:00,6.75,0.46,6.29,0
2025/05/09 13:00,6.03,0.34,5.7,0
2025/05/09 14:00,5.79,0.3,5.5,0
2025/05/09 15:00,3.46,0.61,2.85,0
2025/05/09 16:00,1.77,1.64,0.2,0
2025/05/09 17:00,0.53,0.86,0.01,0.01
2025/05/09 18:00,0.02,0.44,0,0
2025/05/09 19:00,0,0.58,0.01,0
2025/05/09 20:00,0,0.39,0.01,0
2025/05/09 21:00,0,0.48,0.01,0.01
2025/05/09 22:00,0,0.29,0,0
2025/05/09 23:00,0,0.27,0.01,0
2025/05/10 00:00,0,0.27,0,0
2025/05/10 01:00,0,0.31,0,0
2025/05/10 02:00,0,0.33,0,0
2025/05/10 03:00,0,0.26,0,0
2025/05/10 04:00,0,0.26,0,0
2025/05/10 05:00,0,0.3,0,0
2025/05/10 06:00,0.11,0.79,0,0.18
2025/05/10 07:00,0.47,0.64,0.01,0.23
2025/05/10 08:00,1.28,0.37,0.01,0.01
2025/05/10 09:00,2.08,0.25,0,0
2025/05/10 10:00,2.47,0.79,0.01,0.02
2025/05/10 11:00,2.05,0.59,0.01,0.01
2025/05/10 12:00,1.32,0.79,0.01,0
2025/05/10 13:00,1.34,0.66,0.64,0
2025/05/10 14:00,0.47,0.31,0.18,0
2025/05/10 15:00,0.46,0.31,0.2,0
2025/05/10 16:00,0.67,1.31,0.07,0
2025/05/10 17:00,0.26,1.89,0.01,0.01
2025/05/10 18:00,0.02,1.96,0.01,0.01
2025/05/10 19:00,0,0.68,0.01,0.01
2025/05/10 20:00,0,0.29,0.01,0
2025/05/10 21:00,0,0.26,0,0.07
2025/05/10 22:00,0,0.31,0,0.34
2025/05/10 23:00,0,0.28,0,0.31
2025/05/11 00:00,0,0.25,0,0.28
2025/05/11 01:00,0,0.26,0,0.29
2025/05/11 02:00,0,0.24,0,0.27
2025/05/11 03:00,0,0.33,0,0.36
2025/05/11 04:00,0,0.27,0,0.31
2025/05/11 05:00,0.01,0.3,0,0.3
2025/05/11 06:00,0.3,0.28,0,0.07
2025/05/11 07:00,0.32,0.27,0,0
2025/05/11 08:00,0.79,0.51,0.01,0.03
2025/05/11 09:00,1.32,0.7,0.01,0.01
2025/05/11 10:00,2.01,0.79,0.02,0.02
2025/05/11 11:00,2.96,0.4,0.03,0.01
2025/05/11 12:00,1.53,0.5,0.01,0.01
2025/05/11 13:00,0.76,0.29,0,0
2025/05/11 14:00,0.51,0.32,0,0
2025/05/11 15:00,0.4,0.48,0.01,0
2025/05/11 16:00,0.3,1.23,0.01,0.01
2025/05/11 17:00,0.44,2.61,0.01,0.01
2025/05/11 18:00,0.07,2.31,0.01,0.17
2025/05/11 19:00,0,1.28,0,1.31
2025/05/11 20:00,0,0.79,0,0.82
2025/05/11 21:00,0,0.56,0,0.59
2025/05/11 22:00,0,0.35,0,0.38
2025/05/11 23:00,0,0.29,0,0.32
2025/05/12 00:00,0,0.3,0,0.33
2025/05/12 01:00,0,0.3,0,0.33
2025/05/12 02:00,0,0.28,0,0.31
2025/05/12 03:00,0,0.27,0,0.29
2025/05/12 04:00,0,0.42,0,0.43
2025/05/12 05:00,0.05,0.28,0,0.23
2025/05/12 06:00,0.36,0.48,0,0.15
2025/05/12 07:00,0.71,0.31,0.01,0.01
2025/05/12 08:00,1.69,0.29,0,0
2025/05/12 09:00,1.42,0.34,0.01,0.01
2025/05/12 10:00,1.62,0.38,0.01,0
2025/05/12 11:00,2.89,0.36,0.2,0
2025/05/12 12:00,3.97,0.42,3.5,0
2025/05/12 13:00,3.35,0.32,3.03,0
2025/05/12 14:00,2.52,0.3,2.22,0
2025/05/12 15:00,2.08,0.3,1.78,0
2025/05/12 16:00,0.96,0.89,0.58,0
2025/05/12 17:00,0.35,1.2,0.01,0.01
2025/05/12 18:00,0,0.44,0.01,0.01
2025/05/12 19:00,0,0.87,0.01,0.02
2025/05/12 20:00,0,0.4,0,0
2025/05/12 21:00,0,0.79,0,0.01
2025/05/12 22:00,0,0.41,0.01,0.01
2025/05/12 23:00,0,1.03,0,0
2025/05/13 00:00,0,0.32,0,0.29
2025/05/13 01:00,0,0.29,0,0.32
2025/05/13 02:00,0,0.28,0,0.31
2025/05/13 03:00,0,0.29,0,0.32
2025/05/13 04:00,0.01,0.42,0,0.42
2025/05/13 05:00,0.44,0.3,0,0.09
2025/05/13 06:00,2.25,1.29,0.01,0.01
2025/05/13 07:00,3.07,0.3,0.09,0.01
2025/05/13 08:00,5.31,0.34,2.17,0
2025/05/13 09:00,4.51,0.3,4.21,0
2025/05/13 10:00,6.59,0.27,6.32,0
2025/05/13 11:00,7.64,0.23,7.41,0
2025/05/13 12:00,8.19,1.04,7.15,0
2025/05/13 13:00,7.63,0.35,7.29,0
2025/05/13 14:00,6.6,0.35,6.25,0
2025/05/13 15:00,4.99,0.32,4.68,0
2025/05/13 16:00,2.97,1.01,1.95,0
2025/05/13 17:00,0.96,1.55,0.03,0.01
2025/05/13 18:00,0.09,2.55,0.01,0.02
2025/05/13 19:00,0,1.48,0.01,0.01
2025/05/13 20:00,0,0.62,0.01,0
2025/05/13 21:00,0,0.59,0,0.18
2025/05/13 22:00,0,0.27,0,0.3
2025/05/13 23:00,0,0.3,0,0.33
2025/05/14 00:00,0,0.26,0,0.29
2025/05/14 01:00,0,0.25,0,0.28
2025/05/14 02:00,0,0.24,0,0.28
2025/05/14 03:00,0,0.27,0,0.31
2025/05/14 04:00,0.03,0.47,0,0.46
2025/05/14 05:00,0.59,0.33,0,0.08
2025/05/14 06:00,2.64,0.36,0.01,0.01
2025/05/14 07:00,4.2,0.36,0.01,0
2025/05/14 08:00,6.11,0.31,5.42,0
2025/05/14 09:00,8.12,0.3,7.82,0
2025/05/14 10:00,7.25,0.31,6.95,0
2025/05/14 11:00,7.18,0.3,6.88,0
2025/05/14 12:00,7.4,0.28,7.12,0
2025/05/14 13:00,7.34,0.31,7.03,0
2025/05/14 14:00,4.2,0.31,3.89,0
2025/05/14 15:00,3.82,0.36,3.45,0
2025/05/14 16:00,2.16,0.77,1.4,0
2025/05/14 17:00,1.16,1.02,0.22,0
2025/05/14 18:00,0.11,0.9,0.02,0.02
2025/05/14 19:00,0,0.43,0.01,0.01
2025/05/14 20:00,0,1.07,0.01,0.01
2025/05/14 21:00,0,0.51,0.01,0.01
2025/05/14 22:00,0,0.3,0.01,0
2025/05/14 23:00,0,0.27,0,0
2025/05/15 00:00,0,0.24,0,0
2025/05/15 01:00,0,0.24,0.01,0
2025/05/15 02:00,0,0.3,0,0
2025/05/15 03:00,0,0.33,0.01,0
2025/05/15 04:00,0.04,0.46,0.01,0.03
2025/05/15 05:00,0.69,0.31,0.01,0.01
2025/05/15 06:00,2.64,0.92,0.01,0.01
2025/05/15 07:00,4.91,0.39,0.27,0
2025/05/15 08:00,6.64,0.29,6.27,0
2025/05/15 09:00,7.36,0.29,7.07,0
2025/05/15 10:00,8.09,0.48,7.61,0
2025/05/15 11:00,6.5,0.65,5.85,0
2025/05/15 12:00,5.68,0.42,5.26,0
2025/05/15 13:00,4.18,0.34,3.84,0
2025/05/15 14:00,3.41,0.82,2.59,0
2025/05/15 15:00,3.43,0.59,2.84,0
2025/05/15 16:00,1.49,1.79,0.18,0
2025/05/15 17:00,0.39,1.63,0.01,0.01
2025/05/15 18:00,0.11,1.03,0.01,0.02
2025/05/15 19:00,0,0.33,0.01,0
2025/05/15 20:00,0,0.55,0.01,0.01
2025/05/15 21:00,0,0.64,0.01,0.01
2025/05/15 22:00,0,0.7,0.01,0.01
2025/05/15 23:00,0,0.43,0.01,0.01
2025/05/16 00:00,0,0.33,0,0.23
2025/05/16 01:00,0,0.29,0,0.32
2025/05/16 02:00,0,0.3,0,0.33
2025/05/16 03:00,0,0.27,0,0.3
2025/05/16 04:00,0.03,0.42,0,0.4
2025/05/16 05:00,0.67,0.29,0,0.06
2025/05/16 06:00,1.16,0.43,0.01,0.01
2025/05/16 07:00,4.23,0.35,0.09,0.01
2025/05/16 08:00,5.86,0.32,3.73,0
2025/05/16 09:00,6.55,0.29,6.25,0
2025/05/16 10:00,7.13,0.35,6.78,0
2025/05/16 11:00,8.45,0.35,8.1,0
2025/05/16 12:00,7.94,0.26,7.69,0
2025/05/16 13:00,6.58,0.26,6.32,0
2025/05/16 14:00,5.92,0.32,5.59,0
2025/05/16 15:00,4.39,0.88,3.5,0
2025/05/16 16:00,1.61,1.42,0.54,0
2025/05/16 17:00,0.75,1.19,0.01,0.01
2025/05/16 18:00,0.09,0.29,0,0
2025/05/16 19:00,0,0.27,0,0
2025/05/16 20:00,0,0.64,0.01,0.01
2025/05/16 21:00,0,0.38,0,0
2025/05/16 22:00,0,0.38,0.01,0
2025/05/16 23:00,0,0.3,0,0
2025/05/17 00:00,0,0.41,0,0
2025/05/17 01:00,0,0.35,0,0
2025/05/17 02:00,0,0.39,0.01,0.01
2025/05/17 03:00,0,0.26,0,0
2025/05/17 04:00,0,0.28,0,0
2025/05/17 05:00,0.42,0.3,0.01,0
2025/05/17 06:00,1.43,0.53,0.01,0.01
2025/05/17 07:00,1.5,0.65,0.01,0.01
2025/05/17 08:00,2.9,0.59,0.01,0.01
2025/05/17 09:00,1.96,0.32,0.01,0.01
2025/05/17 10:00,1.82,0.3,1.35,0
2025/05/17 11:00,1.63,1.22,0.5,0
2025/05/17 12:00,0.71,0.38,0.35,0
2025/05/17 13:00,1.42,0.32,1.1,0
2025/05/17 14:00,0.8,0.31,0.49,0
2025/05/17 15:00,0.4,0.28,0.15,0
2025/05/17 16:00,0.58,1.86,0.01,0.01
2025/05/17 17:00,0.33,1.98,0.01,0.01
2025/05/17 18:00,0.02,2.2,0.01,0.02
2025/05/17 19:00,0,0.35,0,0.07
2025/05/17 20:00,0,0.27,0,0.3
2025/05/17 21:00,0,0.31,0,0.34
2025/05/17 22:00,0,0.28,0,0.31
2025/05/17 23:00,0,0.31,0,0.34
2025/05/18 00:00,0,0.31,0,0.33
2025/05/18 01:00,0,0.28,0,0.31
2025/05/18 02:00,0,0.25,0,0.27
2025/05/18 03:00,0,0.25,0,0.28
2025/05/18 04:00,0.05,0.29,0,0.26
2025/05/18 05:00,0.48,0.33,0,0.02
2025/05/18 06:00,1.58,0.48,0.01,0
2025/05/18 07:00,0.88,0.48,0,0
2025/05/18 08:00,0.92,0.73,0.01,0.01
2025/05/18 09:00,2.47,0.39,0.02,0.01
2025/05/18 10:00,1.74,0.24,0,0
2025/05/18 11:00,2.55,0.24,1.01,0
2025/05/18 12:00,2.91,0.24,2.68,0
2025/05/18 13:00,2.38,0.28,2.1,0
2025/05/18 14:00,1.98,0.31,1.67,0
2025/05/18 15:00,0.98,0.24,0.74,0
2025/05/18 16:00,0.64,0.74,0.23,0
2025/05/18 17:00,0.62,1.1,0.01,0.03
2025/05/18 18:00,0.28,0.3,0.01,0.01
2025/05/18 19:00,0,0.34,0.01,0
2025/05/18 20:00,0,0.35,0.01,0.02
2025/05/18 21:00,0,0.74,0.01,0.01
2025/05/18 22:00,0,0.33,0,0
2025/05/18 23:00,0,0.31,0,0
2025/05/19 00:00,0,0.32,0,0
2025/05/19 01:00,0,0.26,0,0
2025/05/19 02:00,0,0.25,0,0
2025/05/19 03:00,0,0.25,0.01,0
2025/05/19 04:00,0.01,0.45,0.01,0.03
2025/05/19 05:00,0.52,0.31,0.01,0.01
2025/05/19 06:00,1.78,0.42,0.01,0
2025/05/19 07:00,4.51,0.34,0.18,0.01
2025/05/19 08:00,5.94,0.35,5.49,0
2025/05/19 09:00,7.26,0.39,6.87,0
2025/05/19 10:00,7.89,0.27,7.62,0
2025/05/19 11:00,8.88,0.24,8.64,0
2025/05/19 12:00,7.69,0.27,7.42,0
2025/05/19 13:00,7.97,0.31,7.65,0
2025/05/19 14:00,6.86,0.28,6.58,0
2025/05/19 15:00,4.82,1.11,3.71,0
2025/05/19 16:00,3.1,1.62,1.47,0
2025/05/19 17:00,0.78,1.29,0.03,0.01
2025/05/19 18:00,0.03,1.06,0.01,0.02
2025/05/19 19:00,0,0.65,0.01,0
2025/05/19 20:00,0,0.84,0.01,0.01
2025/05/19 21:00,0,0.54,0,0.01
2025/05/19 22:00,0,0.31,0,0
2025/05/19 23:00,0,0.27,0,0
2025/05/20 00:00,0,0.26,0,0
2025/05/20 01:00,0,0.3,0,0
2025/05/20 02:00,0,0.28,0,0
2025/05/20 03:00,0,0.25,0,0
2025/05/20 04:00,0,0.4,0,0.41
2025/05/20 05:00,0.07,0.28,0,0.22
2025/05/20 06:00,0.27,0.77,0,0.51
2025/05/20 07:00,0.31,0.38,0,0.11
2025/05/20 08:00,1.45,0.3,0,0
2025/05/20 09:00,6.41,0.29,1.4,0.01
2025/05/20 10:00,8.58,0.3,7.38,0
2025/05/20 11:00,7.72,0.31,7.41,0
2025/05/20 12:00,7.31,0.33,6.97,0
2025/05/20 13:00,7.39,0.25,7.14,0
2025/05/20 14:00,6.07,0.3,5.78,0
2025/05/20 15:00,5.26,0.48,4.78,0
2025/05/20 16:00,3.1,1.83,1.33,0
2025/05/20 17:00,1.19,1.67,0.05,0.01
2025/05/20 18:00,0.12,0.58,0.01,0.01
2025/05/20 19:00,0,0.88,0.01,0.01
2025/05/20 20:00,0,0.54,0,0
2025/05/20 21:00,0,0.67,0.01,0.01
2025/05/20 22:00,0,0.35,0.01,0.01
2025/05/20 23:00,0,0.24,0.01,0
2025/05/21 00:00,0,0.24,0,0
2025/05/21 01:00,0,0.2,0.01,0
2025/05/21 02:00,0,0.24,0,0
2025/05/21 03:00,0,0.25,0.01,0
2025/05/21 04:00,0,0.42,0.01,0.04
2025/05/21 05:00,0.02,0.3,0,0.06
2025/05/21 06:00,0.17,1.25,0,1.13
2025/05/21 07:00,0.15,0.31,0,0.18
2025/05/21 08:00,0.21,0.32,0,0.13
2025/05/21 09:00,0.3,0.31,0,0.1
2025/05/21 10:00,1.04,0.32,0.01,0.01
2025/05/21 11:00,1.3,0.33,0.01,0
2025/05/21 12:00,0.54,0.4,0.01,0.01
2025/05/21 13:00,0.76,0.35,0.01,0.01
2025/05/21 14:00,0.79,0.3,0,0
2025/05/21 15:00,0.32,0.99,0.01,0.01
2025/05/21 16:00,0.19,1.01,0.01,0.01
2025/05/21 17:00,0.13,1.67,0,0.72
2025/05/21 18:00,0,1.16,0,1.18
2025/05/21 19:00,0,0.8,0,0.83
2025/05/21 20:00,0,0.55,0,0.59
2025/05/21 21:00,0,0.67,0,0.71
2025/05/21 22:00,0,0.39,0,0.43
2025/05/21 23:00,0,0.3,0,0.34
2025/05/22 00:00,0,0.25,0,0.3
2025/05/22 01:00,0,0.24,0,0.28
2025/05/22 02:00,0,0.25,0,0.29
2025/05/22 03:00,0,0.28,0,0.32
2025/05/22 04:00,0,0.41,0,0.44
2025/05/22 05:00,0.05,0.28,0,0.25
2025/05/22 06:00,1.1,0.44,0.01,0.09
2025/05/22 07:00,2.3,1.05,0.01,0.01
2025/05/22 08:00,1.41,0.31,0.01,0
2025/05/22 09:00,1.83,0.28,0.01,0.01
2025/05/22 10:00,0.97,0.3,0.01,0
2025/05/22 11:00,1.85,0.28,0.46,0
2025/05/22 12:00,0.76,0.34,0.42,0
2025/05/22 13:00,0.87,0.34,0.55,0
2025/05/22 14:00,0.54,0.31,0.26,0
2025/05/22 15:00,1.01,0.32,0.7,0
2025/05/22 16:00,1.28,1.57,0.28,0.01
2025/05/22 17:00,0.86,1.72,0.01,0.01
2025/05/22 18:00,0.08,0.71,0.01,0.01
2025/05/22 19:00,0,0.62,0.01,0.01
2025/05/22 20:00,0,0.87,0,0.01
2025/05/22 21:00,0,0.78,0.01,0.02
2025/05/22 22:00,0,0.33,0,0
2025/05/22 23:00,0,0.28,0,0
2025/05/23 00:00,0,0.25,0.01,0
2025/05/23 01:00,0,0.26,0,0.04
2025/05/23 02:00,0,0.26,0,0.29
2025/05/23 03:00,0,0.3,0,0.33
2025/05/23 04:00,0.05,0.43,0,0.4
2025/05/23 05:00,0.8,0.28,0.01,0.01
2025/05/23 06:00,2.42,0.3,0.01,0.01
2025/05/23 07:00,5.12,0.28,0.73,0
2025/05/23 08:00,6.81,0.34,6.45,0
2025/05/23 09:00,6.72,0.28,6.44,0
2025/05/23 10:00,7.66,0.27,7.39,0
2025/05/23 11:00,7.54,0.28,7.26,0
2025/05/23 12:00,6.24,0.28,5.96,0
2025/05/23 13:00,5.19,0.32,4.87,0
2025/05/23 14:00,4.45,0.29,4.16,0
2025/05/23 15:00,3.24,0.41,2.83,0
2025/05/23 16:00,1.54,1.79,0.3,0
2025/05/23 17:00,0.72,1.75,0.01,0.01
2025/05/23 18:00,0.08,0.45,0.01,0
2025/05/23 19:00,0,0.37,0.01,0
2025/05/23 20:00,0,0.54,0.01,0.01
2025/05/23 21:00,0,0.24,0.01,0
2025/05/23 22:00,0,0.28,0,0
2025/05/23 23:00,0,0.34,0,0
2025/05/24 00:00,0,0.27,0,0
2025/05/24 01:00,0,0.26,0,0
2025/05/24 02:00,0,0.24,0.01,0
2025/05/24 03:00,0,0.26,0,0
2025/05/24 04:00,0.04,0.29,0.01,0
2025/05/24 05:00,0.42,1.03,0,0.54
2025/05/24 06:00,1.2,0.28,0.01,0
2025/05/24 07:00,2.03,0.51,0.01,0.01
2025/05/24 08:00,2.82,0.43,0.01,0.01
2025/05/24 09:00,4.38,0.77,1.93,0
2025/05/24 10:00,6.05,0.39,5.66,0
2025/05/24 11:00,3.2,0.25,2.95,0
2025/05/24 12:00,2.13,0.29,1.84,0
2025/05/24 13:00,1.2,0.28,0.92,0
2025/05/24 14:00,0.84,0.26,0.57,0
2025/05/24 15:00,0.96,0.27,0.69,0
2025/05/24 16:00,0.79,1.28,0.16,0.01
2025/05/24 17:00,0.23,1.94,0.01,0.01
2025/05/24 18:00,0.02,2.55,0.01,0.01
2025/05/24 19:00,0,1.46,0,1.13
2025/05/24 20:00,0,0.36,0,0.4
2025/05/24 21:00,0,0.28,0,0.32
2025/05/24 22:00,0,0.26,0,0.3
2025/05/24 23:00,0,0.27,0,0.31
2025/05/25 00:00,0,0.26,0,0.3
2025/05/25 01:00,0,0.31,0,0.35
2025/05/25 02:00,0,0.26,0,0.3
2025/05/25 03:00,0,0.33,0,0.37
2025/05/25 04:00,0,0.31,0,0.34
2025/05/25 05:00,0.1,0.25,0,0.17
2025/05/25 06:00,0.37,0.33,0,0.05
2025/05/25 07:00,1.17,0.39,0.01,0
2025/05/25 08:00,2.35,0.37,0.01,0.01
2025/05/25 09:00,1.83,0.36,0.01,0.01
2025/05/25 10:00,3.01,0.28,0.81,0
2025/05/25 11:00,1.62,0.32,1.29,0
2025/05/25 12:00,0.67,0.79,0.2,0.01
2025/05/25 13:00,1.14,0.32,0.82,0
2025/05/25 14:00,0.82,0.3,0.54,0
2025/05/25 15:00,0.77,0.34,0.45,0
2025/05/25 16:00,0.67,0.87,0.22,0
2025/05/25 17:00,0.15,1.88,0.01,0.01
2025/05/25 18:00,0.05,2.49,0.01,0.02
2025/05/25 19:00,0,0.65,0,0.33
2025/05/25 20:00,0,0.47,0,0.5
2025/05/25 21:00,0,0.62,0,0.64
2025/05/25 22:00,0,0.31,0,0.34
2025/05/25 23:00,0,0.34,0,0.36
2025/05/26 00:00,0,0.26,0,0.29
2025/05/26 01:00,0,0.24,0,0.27
2025/05/26 02:00,0,0.33,0,0.36
2025/05/26 03:00,0,0.27,0,0.3
2025/05/26 04:00,0,0.52,0,0.53
2025/05/26 05:00,0.44,0.3,0,0.08
2025/05/26 06:00,2.61,0.5,0.03,0.01
2025/05/26 07:00,6.47,0.31,2,0
2025/05/26 08:00,7.34,0.27,7.07,0
2025/05/26 09:00,7.58,0.35,7.23,0
2025/05/26 10:00,8.45,0.31,8.14,0
2025/05/26 11:00,9.13,0.28,8.85,0
2025/05/26 12:00,8.45,0.32,8.13,0
2025/05/26 13:00,7.49,0.37,7.12,0
2025/05/26 14:00,5.2,0.35,4.86,0
2025/05/26 15:00,4.53,0.36,4.18,0
2025/05/26 16:00,2.46,0.96,1.51,0
2025/05/26 17:00,0.87,1.61,0.01,0.01
2025/05/26 18:00,0.12,0.43,0.01,0.01
2025/05/26 19:00,0,1.01,0.01,0.01
2025/05/26 20:00,0,0.44,0.01,0
2025/05/26 21:00,0,0.69,0,0.01
2025/05/26 22:00,0,0.35,0.01,0.01
2025/05/26 23:00,0,0.26,0,0
2025/05/27 00:00,0,0.29,0,0
2025/05/27 01:00,0,0.65,0,0
2025/05/27 02:00,0,0.35,0.01,0
2025/05/27 03:00,0,0.26,0,0.11
2025/05/27 04:00,0.07,0.9,0,0.83
2025/05/27 05:00,0.76,0.56,0.01,0.29
2025/05/27 06:00,2.82,0.55,0.01,0.01
2025/05/27 07:00,4.85,0.34,0.58,0
2025/05/27 08:00,6.13,0.33,5.8,0
2025/05/27 09:00,7.79,0.3,7.49,0
2025/05/27 10:00,7.97,0.27,7.69,0
2025/05/27 11:00,7.55,0.29,7.26,0
2025/05/27 12:00,7.52,0.72,6.79,0
2025/05/27 13:00,6.19,0.28,5.91,0
2025/05/27 14:00,5.3,0.29,5.02,0
2025/05/27 15:00,4.44,0.3,4.13,0
2025/05/27 16:00,3.08,1.59,1.49,0
2025/05/27 17:00,1.26,0.97,0.42,0
2025/05/27 18:00,0.2,1.22,0.05,0.01
2025/05/27 19:00,0,0.82,0.01,0.01
2025/05/27 20:00,0,0.62,0.01,0
2025/05/27 21:00,0,0.66,0.01,0.01
2025/05/27 22:00,0,0.27,0.01,0
2025/05/27 23:00,0,0.39,0.01,0
2025/05/28 00:00,0,0.37,0.01,0
2025/05/28 01:00,0,0.31,0.01,0
2025/05/28 02:00,0,0.25,0.01,0
2025/05/28 03:00,0,0.25,0.01,0
2025/05/28 04:00,0.06,0.43,0,0.25
2025/05/28 05:00,0.96,0.28,0.01,0.02
2025/05/28 06:00,1.53,0.41,0.01,0
2025/05/28 07:00,3.03,1.09,0.01,0
2025/05/28 08:00,4.05,0.32,0.74,0
2025/05/28 09:00,5.3,0.31,4.99,0
2025/05/28 10:00,8.28,0.28,8,0
2025/05/28 11:00,8.72,0.3,8.43,0
2025/05/28 12:00,6.55,0.31,6.25,0
2025/05/28 13:00,7.46,0.23,7.24,0
2025/05/28 14:00,6.61,0.26,6.36,0
2025/05/28 15:00,5.35,0.35,5,0
2025/05/28 16:00,3.27,1.54,1.88,0
2025/05/28 17:00,0.54,1.29,0.01,0.01
2025/05/28 18:00,0.05,0.35,0.01,0.01
2025/05/28 19:00,0,0.36,0.01,0.01
2025/05/28 20:00,0,1.05,0.01,0.01
2025/05/28 21:00,0,0.49,0.01,0.01
2025/05/28 22:00,0,0.31,0.01,0
2025/05/28 23:00,0,0.27,0,0
2025/05/29 00:00,0,0.24,0.01,0
2025/05/29 01:00,0,0.24,0.01,0
2025/05/29 02:00,0,0.3,0.01,0
2025/05/29 03:00,0,0.26,0,0
2025/05/29 04:00,0.06,0.43,0.01,0.04
2025/05/29 05:00,0.73,0.27,0.01,0.01
2025/05/29 06:00,2.65,0.45,0.01,0.01
2025/05/29 07:00,5.09,0.35,0.89,0
2025/05/29 08:00,6.51,0.29,6.22,0
2025/05/29 09:00,6.92,0.35,6.57,0
2025/05/29 10:00,6.8,0.28,6.52,0
2025/05/29 11:00,5.75,0.28,5.48,0
2025/05/29 12:00,8.06,0.33,7.72,0
2025/05/29 13:00,8.04,0.26,7.79,0
2025/05/29 14:00,6.93,0.25,6.67,0
2025/05/29 15:00,5.11,0.65,4.46,0
2025/05/29 16:00,2.66,1.45,1.25,0
2025/05/29 17:00,1.23,1.39,0.18,0.01
2025/05/29 18:00,0.1,0.52,0.01,0.01
2025/05/29 19:00,0,0.76,0.01,0.01
2025/05/29 20:00,0,0.54,0.01,0
2025/05/29 21:00,0,0.63,0.01,0.01
2025/05/29 22:00,0,0.48,0.01,0.01
2025/05/29 23:00,0,0.34,0.01,0
2025/05/30 00:00,0,0.25,0,0
2025/05/30 01:00,0,0.29,0.01,0
2025/05/30 02:00,0,0.22,0.01,0
2025/05/30 03:00,0,0.23,0.01,0
2025/05/30 04:00,0.04,0.39,0.01,0.03
2025/05/30 05:00,0.32,0.3,0.01,0.01
2025/05/30 06:00,0.95,0.47,0.01,0.01
2025/05/30 07:00,2.33,0.33,0.01,0
2025/05/30 08:00,3.28,0.3,0,0
2025/05/30 09:00,3.68,0.32,2.59,0
2025/05/30 10:00,3.78,0.32,3.45,0
2025/05/30 11:00,3.12,0.93,2.19,0
2025/05/30 12:00,2.71,0.3,2.41,0
2025/05/30 13:00,3.36,0.29,3.07,0
2025/05/30 14:00,1.91,0.27,1.64,0
2025/05/30 15:00,1.35,0.31,1.05,0
2025/05/30 16:00,1.12,1.12,0.46,0
2025/05/30 17:00,0.56,1.7,0.01,0.01
2025/05/30 18:00,0.02,0.91,0.01,0.01
2025/05/30 19:00,0,0.53,0,0
2025/05/30 20:00,0,0.29,0,0
2025/05/30 21:00,0,0.34,0,0
2025/05/30 22:00,0,0.24,0.01,0
2025/05/30 23:00,0,0.24,0,0
2025/05/31 00:00,0,0.22,0,0
2025/05/31 01:00,0,0.3,0,0
2025/05/31 02:00,0,0.29,0,0
2025/05/31 03:00,0,0.25,0,0
2025/05/31 04:00,0,0.24,0,0.14
2025/05/31 05:00,0.13,0.29,0,0.18
2025/05/31 06:00,0.49,0.3,0,0.03
2025/05/31 07:00,0.88,0.28,0,0
2025/05/31 08:00,1.69,0.38,0,0
2025/05/31 09:00,1.56,1.14,0.01,0.01
2025/05/31 10:00,1.89,0.34,0.01,0.01
2025/05/31 11:00,1.7,0.69,0.01,0.01
2025/05/31 12:00,1.58,0.56,0.01,0.01
2025/05/31 13:00,1.34,0.51,0.27,0
2025/05/31 14:00,0.53,0.31,0.24,0
2025/05/31 15:00,0.3,0.25,0.07,0
2025/05/31 16:00,0.17,1.34,0.01,0.01
2025/05/31 17:00,0.03,1.88,0.01,0.01
2025/05/31 18:00,0,0.37,0,0
2025/05/31 19:00,0,0.25,0.01,0
2025/05/31 20:00,0,0.31,0.01,0
2025/05/31 21:00,0,0.47,0,0
2025/05/31 22:00,0,0.37,0.01,0
2025/05/31 23:00,0,0.43,0,0
2025/06/01 00:00,0,0.26,0,0.04
2025/06/01 01:00,0,0.26,0,0.29
2025/06/01 02:00,0,0.29,0,0.32
2025/06/01 03:00,0,0.33,0,0.37
2025/06/01 04:00,0.01,0.25,0,0.27
2025/06/01 05:00,0.41,0.26,0,0.12
2025/06/01 06:00,1.58,0.55,0.01,0
2025/06/01 07:00,3.72,0.5,0.01,0
2025/06/01 08:00,3.38,0.36,0.74,0
2025/06/01 09:00,2.96,0.32,2.64,0
2025/06/01 10:00,5.48,0.96,4.51,0
2025/06/01 11:00,4.06,0.58,3.48,0
2025/06/01 12:00,5.35,0.74,4.61,0
2025/06/01 13:00,7.97,0.34,7.63,0
2025/06/01 14:00,6.59,0.28,6.31,0
2025/06/01 15:00,5.28,0.43,4.85,0
2025/06/01 16:00,2.99,1.79,1.21,0
2025/06/01 17:00,1.28,1.62,0.05,0.01
2025/06/01 18:00,0.12,0.37,0.01,0.01
2025/06/01 19:00,0,1.11,0.01,0.01
2025/06/01 20:00,0,0.53,0.01,0.01
2025/06/01 21:00,0,0.77,0.01,0
2025/06/01 22:00,0,0.4,0.01,0.01
2025/06/01 23:00,0,0.32,0.01,0
2025/06/02 00:00,0,0.28,0.01,0
2025/06/02 01:00,0,0.26,0.01,0
2025/06/02 02:00,0,0.32,0.01,0
2025/06/02 03:00,0,0.27,0,0
2025/06/02 04:00,0.06,0.48,0.01,0.11
2025/06/02 05:00,0.71,0.34,0,0.07
2025/06/02 06:00,2.86,0.59,0.01,0.01
2025/06/02 07:00,5.41,0.86,0.6,0
2025/06/02 08:00,6.84,0.31,6.5,0
2025/06/02 09:00,7.81,0.33,7.48,0
2025/06/02 10:00,7.85,0.3,7.55,0
2025/06/02 11:00,6.83,0.25,6.59,0
2025/06/02 12:00,6.84,0.29,6.55,0
2025/06/02 13:00,7.79,0.27,7.52,0
2025/06/02 14:00,6.49,0.29,6.21,0
2025/06/02 15:00,4.57,0.32,4.25,0
2025/06/02 16:00,2.55,1.58,0.97,0
2025/06/02 17:00,1.14,1.29,0.11,0.01
2025/06/02 18:00,0.18,0.91,0.05,0.02
2025/06/02 19:00,0,0.92,0.01,0.01
2025/06/02 20:00,0,0.34,0,0
2025/06/02 21:00,0,0.71,0,0
2025/06/02 22:00,0,0.43,0.01,0.01
2025/06/02 23:00,0,0.28,0,0
2025/06/03 00:00,0,0.24,0.01,0
2025/06/03 01:00,0,0.27,0,0
2025/06/03 02:00,0,0.26,0,0
2025/06/03 03:00,0,0.28,0,0
2025/06/03 04:00,0.12,0.43,0.01,0.04
2025/06/03 05:00,1.01,0.33,0.01,0.01
2025/06/03 06:00,2.01,0.35,0.01,0.01
2025/06/03 07:00,3.74,0.31,0.01,0
2025/06/03 08:00,5.2,0.27,4.3,0
2025/06/03 09:00,5.01,0.32,4.68,0
2025/06/03 10:00,6.88,0.95,5.94,0
2025/06/03 11:00,5.32,0.31,5.01,0
2025/06/03 12:00,3.86,0.4,3.46,0
2025/06/03 13:00,4.01,0.38,3.63,0
2025/06/03 14:00,3.51,0.33,3.18,0
2025/06/03 15:00,3.35,0.29,3.07,0
2025/06/03 16:00,1.35,1.49,0.39,0.01
2025/06/03 17:00,0.5,1.11,0,0
2025/06/03 18:00,0.04,0.63,0.01,0.01
2025/06/03 19:00,0,0.79,0.01,0.01
2025/06/03 20:00,0,0.48,0,0
2025/06/03 21:00,0,0.62,0.01,0.01
2025/06/03 22:00,0,0.34,0.01,0.01
2025/06/03 23:00,0,0.26,0,0
2025/06/04 00:00,0,0.31,0,0
2025/06/04 01:00,0,0.26,0,0
2025/06/04 02:00,0,0.25,0,0
2025/06/04 03:00,0,0.25,0,0.04
2025/06/04 04:00,0.02,0.42,0,0.42
2025/06/04 05:00,0.23,0.29,0,0.11
2025/06/04 06:00,1.15,0.44,0.01,0.01
2025/06/04 07:00,2.41,1.01,0.06,0.01
2025/06/04 08:00,1.05,0.26,0,0
2025/06/04 09:00,1.61,0.28,0,0
2025/06/04 10:00,0.91,0.27,0.01,0
2025/06/04 11:00,2.47,0.32,0.38,0
2025/06/04 12:00,3.92,0.35,3.57,0
2025/06/04 13:00,1.92,0.28,1.64,0
2025/06/04 14:00,4.14,0.28,3.86,0
2025/06/04 15:00,5.79,0.27,5.53,0
2025/06/04 16:00,4.3,1.19,3.11,0
2025/06/04 17:00,1.68,1.64,0.26,0
2025/06/04 18:00,0.16,0.57,0.01,0.01
2025/06/04 19:00,0,1.22,0.01,0.05
2025/06/04 20:00,0,0.69,0.01,0.01
2025/06/04 21:00,0,0.52,0.01,0.01
2025/06/04 22:00,0,0.27,0,0
2025/06/04 23:00,0,0.31,0,0
2025/06/05 00:00,0,0.24,0,0
2025/06/05 01:00,0,0.23,0,0
2025/06/05 02:00,0,0.24,0.01,0
2025/06/05 03:00,0,0.25,0,0
2025/06/05 04:00,0,0.67,0.01,0.06
2025/06/05 05:00,0.46,0.78,0,0.48
2025/06/05 06:00,0.87,0.53,0.01,0.01
2025/06/05 07:00,4.56,0.76,0.51,0.01
2025/06/05 08:00,1.39,0.5,0.01,0.01
2025/06/05 09:00,2.43,0.34,0.17,0.01
2025/06/05 10:00,3.64,0.31,3.3,0
2025/06/05 11:00,3.39,0.3,3.09,0
2025/06/05 12:00,1.29,0.3,0.99,0
2025/06/05 13:00,1.75,0.28,1.47,0
2025/06/05 14:00,2.24,0.34,1.9,0
2025/06/05 15:00,1.62,0.27,1.35,0
2025/06/05 16:00,0.56,1.27,0.11,0
2025/06/05 17:00,0.17,1.76,0,0.01
2025/06/05 18:00,0.04,0.69,0.01,0.01
2025/06/05 19:00,0,0.57,0.01,0.01
2025/06/05 20:00,0,0.44,0,0
2025/06/05 21:00,0,0.71,0.01,0
2025/06/05 22:00,0,0.38,0.01,0.01
2025/06/05 23:00,0,0.31,0,0.02
2025/06/06 00:00,0,0.26,0,0.29
2025/06/06 01:00,0,0.26,0,0.29
2025/06/06 02:00,0,0.25,0,0.27
2025/06/06 03:00,0,0.28,0,0.31
2025/06/06 04:00,0.07,0.48,0,0.4
2025/06/06 05:00,0.91,0.28,0.01,0.02
2025/06/06 06:00,2.52,0.37,0.01,0.01
2025/06/06 07:00,4.69,0.29,0.46,0
2025/06/06 08:00,5.8,0.3,5.46,0
2025/06/06 09:00,7.1,0.39,6.71,0
2025/06/06 10:00,6.67,0.34,6.33,0
2025/06/06 11:00,7.38,0.83,6.55,0
2025/06/06 12:00,7.72,0.34,7.38,0
2025/06/06 13:00,5.86,0.31,5.54,0
2025/06/06 14:00,5.79,0.34,5.45,0
2025/06/06 15:00,5.18,0.29,4.89,0
2025/06/06 16:00,2.93,1.26,1.67,0
2025/06/06 17:00,1.6,1.29,0.42,0
2025/06/06 18:00,0.3,0.65,0.09,0
2025/06/06 19:00,0,0.76,0.01,0.01
2025/06/06 20:00,0,0.34,0,0
2025/06/06 21:00,0,0.29,0,0
2025/06/06 22:00,0,0.28,0,0
2025/06/06 23:00,0,0.3,0,0
2025/06/07 00:00,0,0.24,0,0
2025/06/07 01:00,0,0.24,0,0
2025/06/07 02:00,0,0.24,0,0
2025/06/07 03:00,0,0.28,0,0
2025/06/07 04:00,0.06,0.25,0,0
2025/06/07 05:00,0.65,0.24,0,0
2025/06/07 06:00,2.64,0.2,0.01,0
2025/06/07 07:00,4.94,0.38,2.46,0
2025/06/07 08:00,6.47,0.58,5.89,0
2025/06/07 09:00,7.72,0.66,7.06,0
2025/06/07 10:00,8.38,0.33,8.06,0
2025/06/07 11:00,7.84,0.51,7.33,0
2025/06/07 12:00,5.96,0.85,5.1,0
2025/06/07 13:00,6.51,0.42,6.09,0
2025/06/07 14:00,6,0.31,5.7,0
2025/06/07 15:00,3.99,0.31,3.68,0
2025/06/07 16:00,3.22,1.15,2.07,0
2025/06/07 17:00,1.35,1.41,0.19,0
2025/06/07 18:00,0.27,0.27,0.1,0
2025/06/07 19:00,0,0.25,0,0
2025/06/07 20:00,0,0.44,0,0
2025/06/07 21:00,0,0.54,0.01,0
2025/06/07 22:00,0,0.27,0,0
2025/06/07 23:00,0,0.25,0,0
2025/06/08 00:00,0,0.26,0,0
2025/06/08 01:00,0,0.25,0,0
2025/06/08 02:00,0,0.23,0,0
2025/06/08 03:00,0,0.36,0,0
2025/06/08 04:00,0.07,0.25,0,0
2025/06/08 05:00,0.67,0.29,0,0
2025/06/08 06:00,2.21,0.39,0,0
2025/06/08 07:00,3.25,0.39,0.54,0.01
2025/06/08 08:00,5.99,0.32,5.67,0
2025/06/08 09:00,6.03,0.29,5.74,0
2025/06/08 10:00,4.94,0.31,4.63,0
2025/06/08 11:00,3.38,0.38,3,0
2025/06/08 12:00,5.47,0.37,5.1,0
2025/06/08 13:00,6.18,0.23,5.95,0
2025/06/08 14:00,6.02,0.26,5.77,0
2025/06/08 15:00,5.34,0.46,4.88,0
2025/06/08 16:00,3.35,1.41,1.95,0
2025/06/08 17:00,1.3,1.83,0.17,0.03
2025/06/08 18:00,0.18,1.66,0,0.01
2025/06/08 19:00,0,1.13,0.01,0.01
2025/06/08 20:00,0,0.72,0.01,0.01
2025/06/08 21:00,0,0.34,0.01,0.01
2025/06/08 22:00,0,0.39,0,0
2025/06/08 23:00,0,0.29,0,0
2025/06/09 00:00,0,0.25,0.01,0
2025/06/09 01:00,0,0.29,0,0.19
2025/06/09 02:00,0,0.23,0,0.27
2025/06/09 03:00,0,0.26,0,0.3
2025/06/09 04:00,0.06,0.46,0,0.42
2025/06/09 05:00,0.67,0.29,0,0.06
2025/06/09 06:00,2.82,0.39,0.01,0.01
2025/06/09 07:00,5.34,0.31,1.18,0
2025/06/09 08:00,6.06,0.32,5.72,0
2025/06/09 09:00,7.23,0.32,6.91,0
2025/06/09 10:00,7.65,0.28,7.37,0
2025/06/09 11:00,8.14,0.32,7.82,0
2025/06/09 12:00,7.53,0.34,7.19,0
2025/06/09 13:00,7.25,0.52,6.73,0
2025/06/09 14:00,4.91,0.41,4.51,0
2025/06/09 15:00,4.21,0.44,3.77,0
2025/06/09 16:00,2.43,0.84,1.59,0
2025/06/09 17:00,1.2,1.08,0.25,0
2025/06/09 18:00,0.33,0.5,0.11,0.01
2025/06/09 19:00,0,1.03,0.01,0.02
2025/06/09 20:00,0,0.71,0,0
2025/06/09 21:00,0,0.34,0,0.01
2025/06/09 22:00,0,0.31,0,0
2025/06/09 23:00,0,0.26,0,0
2025/06/10 00:00,0,0.3,0,0
2025/06/10 01:00,0,0.26,0,0
2025/06/10 02:00,0,0.25,0,0
2025/06/10 03:00,0,0.22,0,0
2025/06/10 04:00,0.05,0.48,0.01,0.03
2025/06/10 05:00,0.73,0.3,0.01,0.01
2025/06/10 06:00,2.61,0.26,0.01,0
2025/06/10 07:00,5.04,0.28,1.8,0
2025/06/10 08:00,5.67,0.3,5.37,0
2025/06/10 09:00,7.25,0.35,6.9,0
2025/06/10 10:00,7.38,0.3,7.08,0
2025/06/10 11:00,8.51,0.35,8.16,0
2025/06/10 12:00,7.38,0.37,7.01,0
2025/06/10 13:00,6.01,0.9,5.12,0
2025/06/10 14:00,4.47,0.38,4.09,0
2025/06/10 15:00,2.88,0.38,2.5,0
2025/06/10 16:00,1.32,1.24,0.46,0.01
2025/06/10 17:00,0.56,1.56,0.01,0.01
2025/06/10 18:00,0.26,2.29,0.01,0.02
2025/06/10 19:00,0,1.08,0.01,0.01
2025/06/10 20:00,0,0.67,0,0
2025/06/10 21:00,0,0.85,0,0.48
2025/06/10 22:00,0,0.34,0,0.38
2025/06/10 23:00,0,0.28,0,0.32
2025/06/11 00:00,0,0.23,0,0.27
2025/06/11 01:00,0,0.25,0,0.29
2025/06/11 02:00,0,0.29,0,0.33
2025/06/11 03:00,0,0.24,0,0.28
2025/06/11 04:00,0,0.41,0,0.43
2025/06/11 05:00,0.08,0.29,0,0.22
2025/06/11 06:00,0.82,0.39,0,0.05
2025/06/11 07:00,2.26,0.48,0.01,0
2025/06/11 08:00,1.67,0.29,0,0
2025/06/11 09:00,1.53,0.31,0,0
2025/06/11 10:00,2.19,0.3,0.11,0
2025/06/11 11:00,2.51,0.39,2.12,0
2025/06/11 12:00,3.48,0.36,3.12,0
2025/06/11 13:00,1.71,0.29,1.42,0
2025/06/11 14:00,0.9,0.29,0.61,0
2025/06/11 15:00,1.53,0.42,1.11,0
2025/06/11 16:00,1.83,0.81,1.17,0
2025/06/11 17:00,0.9,0.8,0.25,0
2025/06/11 18:00,0.33,0.95,0.1,0.01
2025/06/11 19:00,0,0.79,0.01,0.01
2025/06/11 20:00,0,0.64,0,0
2025/06/11 21:00,0,0.64,0,0.01
2025/06/11 22:00,0,0.32,0,0.01
2025/06/11 23:00,0,0.25,0,0
2025/06/12 00:00,0,0.27,0,0
2025/06/12 01:00,0,0.22,0,0
2025/06/12 02:00,0,0.29,0,0
2025/06/12 03:00,0,0.25,0,0
2025/06/12 04:00,0.03,0.39,0.01,0.04
2025/06/12 05:00,1.01,0.26,0.01,0.01
2025/06/12 06:00,3.44,0.3,0,0
2025/06/12 07:00,3.18,0.34,0.63,0.01
2025/06/12 08:00,2.02,0.3,1.5,0
2025/06/12 09:00,6.03,1.01,5.03,0
2025/06/12 10:00,5.77,0.33,5.43,0
2025/06/12 11:00,5.93,0.29,5.63,0
2025/06/12 12:00,6.87,0.31,6.57,0
2025/06/12 13:00,5.54,0.3,5.24,0
2025/06/12 14:00,8.15,0.38,7.77,0
2025/06/12 15:00,4.44,0.38,4.06,0
2025/06/12 16:00,3.61,1.58,2.03,0
2025/06/12 17:00,1.48,1.24,0.31,0
2025/06/12 18:00,0.22,0.89,0.06,0.01
2025/06/12 19:00,0,0.58,0.01,0.01
2025/06/12 20:00,0,0.63,0,0
2025/06/12 21:00,0,0.51,0.01,0.01
2025/06/12 22:00,0,0.24,0,0
2025/06/12 23:00,0,0.27,0,0
2025/06/13 00:00,0,0.25,0,0
2025/06/13 01:00,0,0.26,0,0
2025/06/13 02:00,0,0.26,0,0
2025/06/13 03:00,0,0.28,0,0
2025/06/13 04:00,0.06,0.43,0.01,0.03
2025/06/13 05:00,0.72,1.03,0.01,0.01
2025/06/13 06:00,2.76,0.34,0.01,0.01
2025/06/13 07:00,5.29,0.37,1.2,0
2025/06/13 08:00,6.66,0.29,6.37,0
2025/06/13 09:00,7.46,0.33,7.13,0
2025/06/13 10:00,7.09,0.3,6.79,0
2025/06/13 11:00,7.87,0.29,7.58,0
2025/06/13 12:00,7.37,0.37,7,0
2025/06/13 13:00,7.77,0.28,7.49,0
2025/06/13 14:00,6.04,0.44,5.6,0
2025/06/13 15:00,5.19,0.46,4.73,0
2025/06/13 16:00,3.37,1.11,2.26,0
2025/06/13 17:00,1.39,1.59,0.14,0.01
2025/06/13 18:00,0.17,0.36,0,0
2025/06/13 19:00,0,0.22,0,0
2025/06/13 20:00,0,0.32,0,0
2025/06/13 21:00,0,0.77,0.01,0.01
2025/06/13 22:00,0,0.33,0,0
2025/06/13 23:00,0,0.25,0,0
2025/06/14 00:00,0,0.28,0,0
2025/06/14 01:00,0,0.29,0,0
2025/06/14 02:00,0,0.27,0,0
2025/06/14 03:00,0,0.23,0,0
2025/06/14 04:00,0,0.24,0,0
2025/06/14 05:00,0.11,0.26,0,0
2025/06/14 06:00,0.49,0.29,0,0
2025/06/14 07:00,1.19,0.36,0.01,0
2025/06/14 08:00,1.2,0.25,0,0
2025/06/14 09:00,1.88,0.24,0,0
2025/06/14 10:00,3.66,0.24,1.95,0
2025/06/14 11:00,3.34,0.57,2.77,0
2025/06/14 12:00,2.69,0.45,2.23,0
2025/06/14 13:00,2.36,0.32,2.04,0
2025/06/14 14:00,1.59,0.28,1.31,0
2025/06/14 15:00,1.27,0.24,1.04,0
2025/06/14 16:00,0.34,0.84,0.08,0
2025/06/14 17:00,0.17,1.74,0,0
2025/06/14 18:00,0,1.82,0.01,0.04
2025/06/14 19:00,0,0.71,0.01,0
2025/06/14 20:00,0,0.58,0,0
2025/06/14 21:00,0,0.62,0,0.3
2025/06/14 22:00,0,0.36,0,0.4
2025/06/14 23:00,0,0.27,0,0.31
2025/06/15 00:00,0,0.25,0,0.29
2025/06/15 01:00,0,0.24,0,0.28
2025/06/15 02:00,0,0.27,0,0.31
2025/06/15 03:00,0,0.28,0,0.32
2025/06/15 04:00,0.02,0.24,0,0.24
2025/06/15 05:00,0.28,0.27,0,0.06
2025/06/15 06:00,1.35,0.27,0,0
2025/06/15 07:00,2.68,0.34,0.06,0
2025/06/15 08:00,6.51,0.39,2.84,0
2025/06/15 09:00,4.76,0.23,4.51,0
2025/06/15 10:00,5.75,0.24,5.51,0
2025/06/15 11:00,6.08,0.22,5.86,0
2025/06/15 12:00,5.86,0.23,5.63,0
2025/06/15 13:00,5.34,0.27,5.06,0
2025/06/15 14:00,3.85,0.22,3.64,0
2025/06/15 15:00,1.9,0.23,1.67,0
2025/06/15 16:00,0.93,0.66,0.51,0
2025/06/15 17:00,0.47,1.61,0.01,0.04
2025/06/15 18:00,0.12,2.15,0.01,0.03
2025/06/15 19:00,0,0.52,0.01,0
2025/06/15 20:00,0,0.69,0,0
2025/06/15 21:00,0,0.65,0.01,0.01
2025/06/15 22:00,0,0.49,0,0.18
2025/06/15 23:00,0,0.33,0,0.36
2025/06/16 00:00,0,0.26,0,0.29
2025/06/16 01:00,0,0.24,0,0.28
2025/06/16 02:00,0,0.2,0,0.24
2025/06/16 03:00,0,0.26,0,0.3
2025/06/16 04:00,0.06,0.45,0,0.41
2025/06/16 05:00,0.48,0.25,0,0.04
2025/06/16 06:00,2.78,0.43,0.01,0
2025/06/16 07:00,4.93,0.51,1.34,0
2025/06/16 08:00,5.63,0.4,4.2,0
2025/06/16 09:00,7.08,0.39,6.69,0
2025/06/16 10:00,7.82,0.37,7.45,0
2025/06/16 11:00,8.77,0.38,8.39,0
2025/06/16 12:00,7.5,0.49,7.02,0
2025/06/16 13:00,4.87,0.46,4.41,0
2025/06/16 14:00,2.83,0.41,2.42,0
2025/06/16 15:00,3.61,0.43,3.17,0
2025/06/16 16:00,1.69,0.83,1.11,0.01
2025/06/16 17:00,0.19,0.9,0.01,0.01
2025/06/16 18:00,0,1.24,0.01,0.11
2025/06/16 19:00,0,1.07,0.01,0.01
2025/06/16 20:00,0,0.57,0,0
2025/06/16 21:00,0,0.76,0,0.01
2025/06/16 22:00,0,0.37,0.01,0.01
2025/06/16 23:00,0,0.39,0,0
2025/06/17 00:00,0,0.26,0,0.05
2025/06/17 01:00,0,0.26,0,0.29
2025/06/17 02:00,0,0.24,0,0.27
2025/06/17 03:00,0,0.25,0,0.29
2025/06/17 04:00,0.01,0.4,0,0.41
2025/06/17 05:00,0.31,0.41,0,0.23
2025/06/17 06:00,1.03,0.54,0.01,0
2025/06/17 07:00,3.09,0.58,0.08,0.01
2025/06/17 08:00,6.66,0.35,3.29,0
2025/06/17 09:00,7.88,1,6.18,0.01
2025/06/17 10:00,7.7,0.37,7.32,0
2025/06/17 11:00,6.91,0.38,6.53,0
2025/06/17 12:00,6.92,0.51,6.41,0
2025/06/17 13:00,7.99,0.44,7.55,0
2025/06/17 14:00,6.54,0.51,6.04,0
2025/06/17 15:00,5.26,0.48,4.78,0
2025/06/17 16:00,3.05,1.21,1.91,0
2025/06/17 17:00,1.05,1.52,0.05,0.01
2025/06/17 18:00,0.18,1.09,0.01,0.01
2025/06/17 19:00,0,0.73,0.01,0.01
2025/06/17 20:00,0,0.45,0,0
2025/06/17 21:00,0,0.86,0,0
2025/06/17 22:00,0,0.49,0.01,0.01
2025/06/17 23:00,0,0.41,0,0
2025/06/18 00:00,0,0.36,0,0
2025/06/18 01:00,0,0.25,0,0
2025/06/18 02:00,0,0.3,0,0
2025/06/18 03:00,0,0.29,0,0.27
2025/06/18 04:00,0.02,0.48,0,0.47
2025/06/18 05:00,0.63,0.28,0.01,0.06
2025/06/18 06:00,2.63,0.49,0.01,0.01
2025/06/18 07:00,5.05,0.48,1.38,0
2025/06/18 08:00,6.46,0.27,5.18,0
2025/06/18 09:00,7.29,0.4,6.89,0
2025/06/18 10:00,6.53,0.35,6.19,0
2025/06/18 11:00,5.22,0.35,4.88,0
2025/06/18 12:00,5.15,0.37,4.78,0
2025/06/18 13:00,5.36,0.45,4.91,0
2025/06/18 14:00,5.89,0.89,5,0
2025/06/18 15:00,3.59,0.4,3.19,0
2025/06/18 16:00,3,0.84,2.16,0
2025/06/18 17:00,1.29,1.53,0.14,0.01
2025/06/18 18:00,0.22,1.24,0.01,0.01
2025/06/18 19:00,0,1.01,0.01,0.01
2025/06/18 20:00,0,0.81,0,0
2025/06/18 21:00,0,0.8,0.01,0.01
2025/06/18 22:00,0,0.46,0,0.01
2025/06/18 23:00,0,0.3,0,0
2025/06/19 00:00,0,0.23,0,0
2025/06/19 01:00,0,0.23,0,0
2025/06/19 02:00,0,0.23,0,0.1
2025/06/19 03:00,0,0.3,0,0.34
2025/06/19 04:00,0.05,0.4,0,0.36
2025/06/19 05:00,0.6,0.53,0,0.08
2025/06/19 06:00,2.03,0.54,0.01,0
2025/06/19 07:00,3.61,0.56,0.3,0.01
2025/06/19 08:00,6.42,0.38,3.71,0
2025/06/19 09:00,6.85,0.37,6.49,0
2025/06/19 10:00,6.3,0.43,5.87,0
2025/06/19 11:00,7.41,0.78,6.64,0
2025/06/19 12:00,5.99,0.52,5.47,0
2025/06/19 13:00,6.24,0.47,5.77,0
2025/06/19 14:00,5.81,0.5,5.3,0
2025/06/19 15:00,4.11,0.47,3.65,0
2025/06/19 16:00,2.22,0.9,1.32,0
2025/06/19 17:00,1.54,1.61,0.2,0.01
2025/06/19 18:00,0.36,2.4,0.01,0.02
2025/06/19 19:00,0,1.36,0.01,0.01
2025/06/19 20:00,0,0.92,0,0
2025/06/19 21:00,0,0.88,0,0.01
2025/06/19 22:00,0,0.8,0,0.68
2025/06/19 23:00,0,0.47,0,0.51
2025/06/20 00:00,0,0.32,0,0.36
2025/06/20 01:00,0,0.38,0,0.42
2025/06/20 02:00,0,0.25,0,0.29
2025/06/20 03:00,0,0.34,0,0.37
2025/06/20 04:00,0.1,0.51,0,0.42
2025/06/20 05:00,0.71,0.3,0.01,0.03
2025/06/20 06:00,2.19,0.71,0.01,0.01
2025/06/20 07:00,4.65,0.46,1.12,0
2025/06/20 08:00,5.84,0.33,3.78,0
2025/06/20 09:00,7.28,0.34,6.94,0
2025/06/20 10:00,6.97,0.34,6.63,0
2025/06/20 11:00,8.1,0.34,7.75,0
2025/06/20 12:00,6.56,0.91,5.66,0
2025/06/20 13:00,7.34,0.57,6.77,0
2025/06/20 14:00,6.4,0.5,5.9,0
2025/06/20 15:00,4.88,0.57,4.31,0
2025/06/20 16:00,2.44,1,1.53,0.01
2025/06/20 17:00,1.34,1.61,0.08,0.01
2025/06/20 18:00,0.23,1.34,0.01,0.01
2025/06/20 19:00,0,0.7,0,0.01
2025/06/20 20:00,0,0.81,0,0
2025/06/20 21:00,0,0.4,0.01,0.01
2025/06/20 22:00,0,0.26,0,0
2025/06/20 23:00,0,0.36,0,0
2025/06/21 00:00,0,0.31,0,0
2025/06/21 01:00,0,0.32,0,0
2025/06/21 02:00,0,0.42,0,0
2025/06/21 03:00,0,0.63,0,0.45
2025/06/21 04:00,0,0.43,0,0.46
2025/06/21 05:00,0.08,0.26,0,0.19
2025/06/21 06:00,0.49,0.61,0,0.18
2025/06/21 07:00,1.6,0.62,0.01,0.04
2025/06/21 08:00,2.26,0.48,0.01,0.01
2025/06/21 09:00,3.54,0.25,0.67,0
2025/06/21 10:00,2.82,0.23,1.36,0
2025/06/21 11:00,3.66,0.3,3.36,0
2025/06/21 12:00,3.92,0.63,3.3,0
2025/06/21 13:00,4.93,0.71,4.22,0
2025/06/21 14:00,4.3,0.45,3.85,0
2025/06/21 15:00,3.61,0.66,2.95,0
2025/06/21 16:00,2.18,0.79,1.39,0
2025/06/21 17:00,1.09,1.62,0.15,0.01
2025/06/21 18:00,0.17,1.8,0,0
2025/06/21 19:00,0,1.16,0.01,0.01
2025/06/21 20:00,0,0.7,0,0
2025/06/21 21:00,0,0.93,0,0.01
2025/06/21 22:00,0,0.65,0,0.16
2025/06/21 23:00,0,0.54,0,0.58
2025/06/22 00:00,0,0.43,0,0.47
2025/06/22 01:00,0,0.46,0,0.5
2025/06/22 02:00,0,0.35,0,0.39
2025/06/22 03:00,0,0.28,0,0.32
2025/06/22 04:00,0.01,0.26,0,0.27
2025/06/22 05:00,0.18,0.26,0,0.1
2025/06/22 06:00,0.67,0.27,0.01,0
2025/06/22 07:00,2.8,0.4,0.03,0
2025/06/22 08:00,3.7,0.71,0.55,0.01
2025/06/22 09:00,3.66,0.59,1.57,0
2025/06/22 10:00,3.45,0.51,2.94,0
2025/06/22 11:00,3.39,0.75,2.64,0
2025/06/22 12:00,3.13,0.54,2.59,0
2025/06/22 13:00,2.34,0.55,1.8,0
2025/06/22 14:00,1.54,0.45,1.08,0
2025/06/22 15:00,0.9,0.27,0.64,0
2025/06/22 16:00,0.49,0.99,0.06,0.01
2025/06/22 17:00,0.13,1.61,0.01,0.04
2025/06/22 18:00,0,1.02,0.01,0.01
2025/06/22 19:00,0,1.05,0,0
2025/06/22 20:00,0,1.23,0.01,0.02
2025/06/22 21:00,0,0.43,0,0.14
2025/06/22 22:00,0,0.52,0,0.55
2025/06/22 23:00,0,0.41,0,0.44
2025/06/23 00:00,0,0.28,0,0.32
2025/06/23 01:00,0,0.24,0,0.28
2025/06/23 02:00,0,0.26,0,0.3
2025/06/23 03:00,0,0.26,0,0.3
2025/06/23 04:00,0,0.42,0,0.44
2025/06/23 05:00,0.03,0.29,0,0.27
2025/06/23 06:00,0.28,0.61,0,0.41
2025/06/23 07:00,2.09,0.43,0.02,0
2025/06/23 08:00,1.73,0.34,0,0
2025/06/23 09:00,4.14,0.37,1.39,0
2025/06/23 10:00,3.37,0.38,1.73,0
2025/06/23 11:00,1.71,0.39,1.32,0
2025/06/23 12:00,1.08,0.7,0.56,0
2025/06/23 13:00,1.81,0.37,1.44,0
2025/06/23 14:00,1.14,0.36,0.79,0
2025/06/23 15:00,0.84,0.34,0.54,0
2025/06/23 16:00,0.33,0.83,0.07,0
2025/06/23 17:00,0.25,1.1,0.01,0.01
2025/06/23 18:00,0.04,0.68,0.01,0.02
2025/06/23 19:00,0.01,1.35,0.01,0.05
2025/06/23 20:00,0,0.72,0,0
2025/06/23 21:00,0,0.76,0.01,0.01
2025/06/23 22:00,0,0.28,0,0
2025/06/23 23:00,0,0.31,0,0.07
2025/06/24 00:00,0,0.39,0,0.42
2025/06/24 01:00,0,0.34,0,0.37
2025/06/24 02:00,0,0.26,0,0.3
2025/06/24 03:00,0,0.23,0,0.27
2025/06/24 04:00,0.04,0.4,0,0.37
2025/06/24 05:00,0.63,0.29,0,0.04
2025/06/24 06:00,1.21,0.6,0.01,0.01
2025/06/24 07:00,1.83,1.03,0.01,0
2025/06/24 08:00,2.09,0.32,0,0
2025/06/24 09:00,2.02,0.32,0,0
2025/06/24 10:00,1.93,0.32,0.13,0
2025/06/24 11:00,3.46,0.42,3.04,0
2025/06/24 12:00,5.64,0.56,5.08,0
2025/06/24 13:00,2.44,0.33,2.11,0
2025/06/24 14:00,3.86,0.39,3.47,0
2025/06/24 15:00,2.98,0.41,2.57,0
2025/06/24 16:00,3.57,1.31,2.28,0
2025/06/24 17:00,1.43,1.37,0.22,0.01
2025/06/24 18:00,0.28,1.25,0.05,0.08
2025/06/24 19:00,0,0.92,0.01,0.02
2025/06/24 20:00,0,0.6,0,0.01
2025/06/24 21:00,0,0.73,0,0
2025/06/24 22:00,0,0.46,0.01,0.01
2025/06/24 23:00,0,0.27,0,0
2025/06/25 00:00,0,0.25,0,0
2025/06/25 01:00,0,0.24,0,0
2025/06/25 02:00,0,0.33,0,0
2025/06/25 03:00,0,0.44,0,0.03
2025/06/25 04:00,0.06,0.58,0,0.53
2025/06/25 05:00,0.65,0.42,0.01,0.1
2025/06/25 06:00,2.48,0.55,0.01,0
2025/06/25 07:00,2.43,0.47,0.01,0
2025/06/25 08:00,3.09,0.37,0.41,0
2025/06/25 09:00,4.33,0.47,3.68,0
2025/06/25 10:00,6.12,0.42,5.7,0
2025/06/25 11:00,7.5,0.43,7.06,0
2025/06/25 12:00,5.36,0.56,4.8,0
2025/06/25 13:00,5.65,0.52,5.13,0
2025/06/25 14:00,5.37,0.53,4.84,0
2025/06/25 15:00,2.64,0.47,2.17,0
2025/06/25 16:00,1.72,1.1,0.91,0.01
2025/06/25 17:00,0.48,1.54,0.01,0.01
2025/06/25 18:00,0.07,3.05,0.01,0.26
2025/06/25 19:00,0,1.17,0.01,0.01
2025/06/25 20:00,0,0.9,0,0.55
2025/06/25 21:00,0,0.82,0,0.86
2025/06/25 22:00,0,0.69,0,0.73
2025/06/25 23:00,0,0.48,0,0.52
2025/06/26 00:00,0,0.39,0,0.43
2025/06/26 01:00,0,0.32,0,0.36
2025/06/26 02:00,0,0.41,0,0.45
2025/06/26 03:00,0,0.28,0,0.32
2025/06/26 04:00,0,0.44,0,0.46
2025/06/26 05:00,0.15,0.29,0,0.19
2025/06/26 06:00,0.76,0.62,0,0.08
2025/06/26 07:00,1.81,0.56,0,0
2025/06/26 08:00,1.02,0.34,0,0
2025/06/26 09:00,3,0.47,0.27,0
2025/06/26 10:00,3.7,0.44,1.03,0
2025/06/26 11:00,3.57,0.48,3.1,0
2025/06/26 12:00,2.44,0.56,1.92,0
2025/06/26 13:00,0.17,0.42,0.01,0
2025/06/26 14:00,0.3,0.46,0.01,0
2025/06/26 15:00,0.29,0.39,0,0
2025/06/26 16:00,0.51,0.86,0.01,0.01
2025/06/26 17:00,0.29,0.97,0.01,0.01
2025/06/26 18:00,0.05,1.16,0.01,0.03
2025/06/26 19:00,0,0.89,0.01,0.01
2025/06/26 20:00,0,0.53,0,0
2025/06/26 21:00,0,0.87,0,0
2025/06/26 22:00,0,0.61,0.01,0.01
2025/06/26 23:00,0,0.29,0,0.28
2025/06/27 00:00,0,0.3,0,0.33
2025/06/27 01:00,0,0.28,0,0.31
2025/06/27 02:00,0,0.27,0,0.3
2025/06/27 03:00,0,0.29,0,0.32
2025/06/27 04:00,0.02,0.4,0,0.39
2025/06/27 05:00,0.7,0.27,0.01,0.01
2025/06/27 06:00,2.23,0.61,0.01,0.01
2025/06/27 07:00,1.5,0.47,0.01,0
2025/06/27 08:00,2.8,0.36,0.07,0
2025/06/27 09:00,3.27,0.42,1.54,0
2025/06/27 10:00,3.26,0.4,2.87,0
2025/06/27 11:00,3.18,0.44,2.74,0
2025/06/27 12:00,7.14,0.46,6.68,0
2025/06/27 13:00,7.09,0.44,6.65,0
2025/06/27 14:00,6.34,0.41,5.93,0
2025/06/27 15:00,3.34,0.82,2.52,0
2025/06/27 16:00,2.42,0.85,1.61,0
2025/06/27 17:00,0.9,1.54,0.03,0.01
2025/06/27 18:00,0.09,0.49,0.01,0.01
2025/06/27 19:00,0,0.24,0.01,0
2025/06/27 20:00,0,0.25,0,0
2025/06/27 21:00,0,0.32,0,0
2025/06/27 22:00,0,0.31,0,0
2025/06/27 23:00,0,0.28,0,0
2025/06/28 00:00,0,0.48,0,0
2025/06/28 01:00,0,0.39,0,0
2025/06/28 02:00,0,0.32,0,0
2025/06/28 03:00,0,0.38,0,0
2025/06/28 04:00,0.07,0.3,0,0
2025/06/28 05:00,0.52,0.28,0.01,0.01
2025/06/28 06:00,2.61,0.29,0,0
2025/06/28 07:00,4.73,0.48,1.45,0
2025/06/28 08:00,5.82,0.66,4.95,0
2025/06/28 09:00,6.53,0.9,5.63,0
2025/06/28 10:00,7.94,0.4,7.54,0
2025/06/28 11:00,7.68,0.6,7.07,0
2025/06/28 12:00,7.25,0.56,6.69,0
2025/06/28 13:00,6.89,0.59,6.3,0
2025/06/28 14:00,5.9,0.31,5.58,0
2025/06/28 15:00,2.73,0.36,2.37,0
2025/06/28 16:00,2.61,0.9,1.71,0
2025/06/28 17:00,1.89,1.6,0.5,0
2025/06/28 18:00,0.24,1.68,0.01,0.01
2025/06/28 19:00,0,0.97,0,0
2025/06/28 20:00,0,0.35,0,0
2025/06/28 21:00,0,0.38,0.01,0
2025/06/28 22:00,0,0.39,0,0
2025/06/28 23:00,0,0.42,0,0
2025/06/29 00:00,0,0.53,0,0
2025/06/29 01:00,0,0.38,0,0
2025/06/29 02:00,0,0.32,0,0.07
2025/06/29 03:00,0,0.27,0,0.3
2025/06/29 04:00,0.04,0.25,0,0.21
2025/06/29 05:00,0.58,0.25,0,0.04
2025/06/29 06:00,2.56,0.31,0.01,0
2025/06/29 07:00,5.02,0.37,1.43,0
2025/06/29 08:00,6.43,0.76,4.81,0
2025/06/29 09:00,7.48,0.44,7.04,0
2025/06/29 10:00,8.12,0.65,7.48,0
2025/06/29 11:00,8.32,0.34,7.97,0
2025/06/29 12:00,8.13,0.2,7.93,0
2025/06/29 13:00,7.63,0.21,7.42,0
2025/06/29 14:00,6.38,0.24,6.14,0
2025/06/29 15:00,5.06,0.23,4.83,0
2025/06/29 16:00,3,0.63,2.37,0
2025/06/29 17:00,1.06,0.63,0.43,0
2025/06/29 18:00,0.23,0.46,0.05,0
2025/06/29 19:00,0,0.76,0,0
2025/06/29 20:00,0,0.93,0,0.01
2025/06/29 21:00,0,0.93,0.01,0.02
2025/06/29 22:00,0,0.38,0,0.01
2025/06/29 23:00,0,0.33,0,0
2025/06/30 00:00,0,0.33,0,0
2025/06/30 01:00,0,0.33,0,0
2025/06/30 02:00,0,0.35,0,0
2025/06/30 03:00,0,0.32,0,0
2025/06/30 04:00,0.02,0.43,0,0.13
2025/06/30 05:00,0.21,0.32,0,0.12
2025/06/30 06:00,1.32,0.79,0,0.12
2025/06/30 07:00,3.18,0.57,0.24,0.01
2025/06/30 08:00,3.16,0.42,0.26,0
2025/06/30 09:00,3.44,0.41,1.89,0
2025/06/30 10:00,5,0.42,4.59,0
2025/06/30 11:00,4.51,0.45,4.06,0
2025/06/30 12:00,4.63,0.76,3.86,0
2025/06/30 13:00,3.2,0.45,2.74,0
2025/06/30 14:00,3.65,0.46,3.2,0
2025/06/30 15:00,2.81,0.44,2.37,0
2025/06/30 16:00,1.49,0.89,0.76,0
2025/06/30 17:00,0.47,1.46,0.01,0.01
2025/06/30 18:00,0.15,1.49,0.01,0.1
2025/06/30 19:00,0,1.23,0.01,0.02
2025/06/30 20:00,0,0.78,0,0
2025/06/30 21:00,0,0.73,0.01,0.01
2025/06/30 22:00,0,0.35,0,0
2025/06/30 23:00,0,0.29,0,0.23
2025/07/01 00:00,0,0.29,0,0.32
2025/07/01 01:00,0,0.3,0,0.33
2025/07/01 02:00,0,0.32,0,0.35
2025/07/01 03:00,0,0.31,0,0.34
2025/07/01 04:00,0.03,0.46,0,0.43
2025/07/01 05:00,0.48,0.3,0.01,0.05
2025/07/01 06:00,0.93,0.83,0.01,0.01
2025/07/01 07:00,2.28,0.66,0.01,0
2025/07/01 08:00,2.45,0.38,0,0
2025/07/01 09:00,3.58,0.39,0.56,0
2025/07/01 10:00,6.38,0.83,5.4,0
2025/07/01 11:00,5.07,0.51,4.56,0
2025/07/01 12:00,5.4,0.8,4.61,0
2025/07/01 13:00,3.63,0.41,3.22,0
2025/07/01 14:00,2.76,0.41,2.36,0
2025/07/01 15:00,1.23,0.39,0.84,0
2025/07/01 16:00,0.95,1.11,0.34,0
2025/07/01 17:00,0.34,1.4,0.01,0.01
2025/07/01 18:00,0.14,1.32,0.01,0.02
2025/07/01 19:00,0,1.06,0.01,0.01
2025/07/01 20:00,0,0.74,0,0
2025/07/01 21:00,0,0.78,0.01,0.01
2025/07/01 22:00,0,0.33,0,0.07
2025/07/01 23:00,0,0.32,0,0.35
2025/07/02 00:00,0,0.34,0,0.37
2025/07/02 01:00,0,0.29,0,0.32
2025/07/02 02:00,0,0.3,0,0.32
2025/07/02 03:00,0,0.3,0,0.33
2025/07/02 04:00,0.02,0.53,0,0.52
2025/07/02 05:00,0.35,0.3,0,0.09
2025/07/02 06:00,1.9,0.58,0.01,0.01
2025/07/02 07:00,3.99,0.52,0.81,0
2025/07/02 08:00,6.46,0.36,3.44,0
2025/07/02 09:00,7.1,0.4,6.7,0
2025/07/02 10:00,7.86,0.37,7.49,0
2025/07/02 11:00,7.21,0.42,6.78,0
2025/07/02 12:00,5.03,0.48,4.55,0
2025/07/02 13:00,2.84,0.49,2.35,0
2025/07/02 14:00,2.8,0.47,2.35,0
2025/07/02 15:00,4.11,0.44,3.67,0
2025/07/02 16:00,3.06,1.14,1.94,0
2025/07/02 17:00,0.66,1.49,0.01,0.01
2025/07/02 18:00,0.13,2.47,0.01,0.02
2025/07/02 19:00,0,1.03,0.01,0.01
2025/07/02 20:00,0,0.8,0,0
2025/07/02 21:00,0,0.78,0,0.24
2025/07/02 22:00,0,0.36,0,0.4
2025/07/02 23:00,0,0.37,0,0.41
2025/07/03 00:00,0,0.38,0,0.42
2025/07/03 01:00,0,0.31,0,0.35
2025/07/03 02:00,0,0.28,0,0.32
2025/07/03 03:00,0,0.29,0,0.33
2025/07/03 04:00,0.04,0.48,0,0.46
2025/07/03 05:00,0.62,0.45,0,0.05
2025/07/03 06:00,1.62,0.69,0.01,0
2025/07/03 07:00,4.4,0.48,1.05,0
2025/07/03 08:00,5.45,0.39,2.41,0
2025/07/03 09:00,6.67,0.39,6.26,0
2025/07/03 10:00,5.95,0.45,5.5,0
2025/07/03 11:00,6.43,0.46,5.97,0
2025/07/03 12:00,4.85,0.52,4.33,0
2025/07/03 13:00,4.44,0.42,4.02,0
2025/07/03 14:00,3.31,0.5,2.8,0
2025/07/03 15:00,5.42,0.46,4.96,0
2025/07/03 16:00,2.98,0.91,2.07,0
2025/07/03 17:00,1.41,1.01,0.5,0
2025/07/03 18:00,0.25,1.33,0.01,0.02
2025/07/03 19:00,0,1.06,0.01,0.01
2025/07/03 20:00,0,0.88,0,0
2025/07/03 21:00,0,1.04,0.01,0.01
2025/07/03 22:00,0,0.51,0,0.01
2025/07/03 23:00,0,0.45,0,0
2025/07/04 00:00,0,0.38,0,0.01
2025/07/04 01:00,0,0.36,0,0.39
2025/07/04 02:00,0,0.39,0,0.43
2025/07/04 03:00,0,0.25,0,0.29
2025/07/04 04:00,0,0.42,0,0.44
2025/07/04 05:00,0.16,0.61,0,0.46
2025/07/04 06:00,0.82,0.55,0,0.06
2025/07/04 07:00,2.75,0.52,0.14,0
2025/07/04 08:00,2.89,0.36,0.07,0
2025/07/04 09:00,3.87,0.45,1.62,0
2025/07/04 10:00,3.62,0.45,3.17,0
2025/07/04 11:00,4.01,0.48,3.53,0
2025/07/04 12:00,6.19,0.94,5.25,0
2025/07/04 13:00,2.32,0.89,1.43,0
2025/07/04 14:00,1.38,0.37,1.04,0
2025/07/04 15:00,1.43,0.39,1.04,0
2025/07/04 16:00,0.99,0.9,0.45,0
2025/07/04 17:00,0.38,1.54,0.01,0.01
2025/07/04 18:00,0.03,1.2,0,0.01
2025/07/04 19:00,0,0.59,0,0
2025/07/04 20:00,0,0.5,0,0
2025/07/04 21:00,0,0.93,0.01,0.01
2025/07/04 22:00,0,0.36,0,0
2025/07/04 23:00,0,0.35,0,0
2025/07/05 00:00,0,0.27,0,0.26
2025/07/05 01:00,0,0.44,0,0.48
2025/07/05 02:00,0,0.35,0,0.39
2025/07/05 03:00,0,0.28,0,0.32
2025/07/05 04:00,0,0.24,0,0.27
2025/07/05 05:00,0,0.25,0,0.26
2025/07/05 06:00,0.06,0.75,0,0.7
2025/07/05 07:00,0.3,1.14,0,0.85
2025/07/05 08:00,0.59,0.56,0,0.11
2025/07/05 09:00,4.52,0.37,1.21,0
2025/07/05 10:00,4.45,0.39,1.23,0
2025/07/05 11:00,6.88,0.77,5.31,0
2025/07/05 12:00,7.09,0.87,6.22,0
2025/07/05 13:00,7.58,0.58,6.99,0
2025/07/05 14:00,6.99,0.31,6.69,0
2025/07/05 15:00,5.44,0.28,5.16,0
2025/07/05 16:00,3.79,0.68,3.1,0
2025/07/05 17:00,1.56,1.26,0.41,0
2025/07/05 18:00,0.31,0.28,0.15,0
2025/07/05 19:00,0,0.26,0,0
2025/07/05 20:00,0,0.8,0,0.01
2025/07/05 21:00,0,0.58,0,0
2025/07/05 22:00,0,0.46,0,0
2025/07/05 23:00,0,0.33,0,0
2025/07/06 00:00,0,0.31,0,0
2025/07/06 01:00,0,0.31,0,0
2025/07/06 02:00,0,0.31,0,0
2025/07/06 03:00,0,0.3,0,0
2025/07/06 04:00,0.03,0.59,0.01,0.02
2025/07/06 05:00,0.63,0.39,0.01,0
2025/07/06 06:00,2.16,0.41,0,0
2025/07/06 07:00,3.68,0.73,0.54,0.01
2025/07/06 08:00,3.26,0.57,1.4,0
2025/07/06 09:00,3.28,0.31,2.97,0
2025/07/06 10:00,5.49,0.31,5.18,0
2025/07/06 11:00,3.22,0.6,2.63,0
2025/07/06 12:00,3.7,0.67,3.03,0
2025/07/06 13:00,3.96,0.32,3.63,0
2025/07/06 14:00,5.1,0.27,4.83,0
2025/07/06 15:00,3.64,0.68,2.96,0
2025/07/06 16:00,1.92,1.23,1.08,0.02
2025/07/06 17:00,0.38,1.38,0.01,0.03
2025/07/06 18:00,0,0.42,0,0
2025/07/06 19:00,0,0.45,0,0
2025/07/06 20:00,0,1.19,0,0
2025/07/06 21:00,0,0.98,0.01,0.02
2025/07/06 22:00,0,0.48,0,0
2025/07/06 23:00,0,0.31,0,0
2025/07/07 00:00,0,0.3,0,0.05
2025/07/07 01:00,0,0.26,0,0.3
2025/07/07 02:00,0,0.24,0,0.28
2025/07/07 03:00,0,0.24,0,0.28
2025/07/07 04:00,0.04,0.41,0,0.39
2025/07/07 05:00,0.41,0.51,0,0.15
2025/07/07 06:00,1.92,0.59,0.01,0
2025/07/07 07:00,4.44,0.53,0.98,0
2025/07/07 08:00,5.81,0.42,2.99,0
2025/07/07 09:00,4.36,0.46,3.9,0
2025/07/07 10:00,3.65,0.42,3.23,0
2025/07/07 11:00,4.6,0.45,4.15,0
2025/07/07 12:00,5.05,0.93,4.13,0
2025/07/07 13:00,5.55,0.43,5.12,0
2025/07/07 14:00,6.49,0.47,6.01,0
2025/07/07 15:00,5,0.5,4.5,0
2025/07/07 16:00,2.81,0.96,1.9,0
2025/07/07 17:00,0.61,1.53,0.02,0.02
2025/07/07 18:00,0.15,2.6,0.01,0.02
2025/07/07 19:00,0,1.11,0,0.01
2025/07/07 20:00,0,0.82,0,0
2025/07/07 21:00,0,0.84,0,0.63
2025/07/07 22:00,0,0.48,0,0.51
2025/07/07 23:00,0,0.44,0,0.47
2025/07/08 00:00,0,0.26,0,0.29
2025/07/08 01:00,0,0.28,0,0.31
2025/07/08 02:00,0,0.47,0,0.5
2025/07/08 03:00,0,0.38,0,0.41
2025/07/08 04:00,0.03,0.56,0,0.54
2025/07/08 05:00,0.46,0.63,0,0.25
2025/07/08 06:00,2.68,0.55,0.08,0
2025/07/08 07:00,4.77,0.53,1.34,0
2025/07/08 08:00,5.92,0.42,3.74,0
2025/07/08 09:00,7.06,0.47,6.6,0
2025/07/08 10:00,7.43,0.45,6.98,0
2025/07/08 11:00,8.02,0.49,7.53,0
2025/07/08 12:00,7.46,1.06,6.4,0
2025/07/08 13:00,6.81,0.59,6.23,0
2025/07/08 14:00,6.41,0.64,5.77,0
2025/07/08 15:00,5.09,0.63,4.45,0
2025/07/08 16:00,3.32,1.11,2.22,0
2025/07/08 17:00,1.37,1.14,0.33,0.01
2025/07/08 18:00,0.22,1.76,0.01,0.01
2025/07/08 19:00,0,1.28,0.01,0.01
2025/07/08 20:00,0,0.9,0,0
2025/07/08 21:00,0,0.79,0,0.01
2025/07/08 22:00,0,0.83,0,0.01
2025/07/08 23:00,0,0.8,0,0.71
2025/07/09 00:00,0,0.66,0,0.7
2025/07/09 01:00,0,0.57,0,0.61
2025/07/09 02:00,0,0.49,0,0.53
2025/07/09 03:00,0,0.46,0,0.5
2025/07/09 04:00,0.02,0.6,0,0.6
2025/07/09 05:00,0.3,0.42,0,0.17
2025/07/09 06:00,1.13,0.69,0.01,0.03
2025/07/09 07:00,2.4,0.54,0.01,0
2025/07/09 08:00,5.3,0.44,1.98,0
2025/07/09 09:00,6.16,0.48,4.23,0
2025/07/09 10:00,7.43,0.47,6.96,0
2025/07/09 11:00,6.4,0.48,5.92,0
2025/07/09 12:00,7.88,1.08,6.8,0
2025/07/09 13:00,7.14,0.57,6.56,0
2025/07/09 14:00,3.19,0.63,2.56,0
2025/07/09 15:00,3.46,0.58,2.88,0
2025/07/09 16:00,3.42,0.96,2.46,0
2025/07/09 17:00,1.48,1.61,0.17,0.01
2025/07/09 18:00,0.27,2.55,0.01,0.02
2025/07/09 19:00,0,1.23,0.01,0.01
2025/07/09 20:00,0,0.83,0,0
2025/07/09 21:00,0,0.74,0,0.01
2025/07/09 22:00,0,0.62,0,0.42
2025/07/09 23:00,0,0.32,0,0.36
2025/07/10 00:00,0,0.32,0,0.36
2025/07/10 01:00,0,0.31,0,0.35
2025/07/10 02:00,0,0.3,0,0.34
2025/07/10 03:00,0,0.36,0,0.4
2025/07/10 04:00,0,0.55,0,0.57
2025/07/10 05:00,0.17,0.56,0,0.41
2025/07/10 06:00,0.44,0.59,0,0.18
2025/07/10 07:00,2.03,0.52,0,0
2025/07/10 08:00,2.8,0.83,0,0
2025/07/10 09:00,5.72,0.48,2.34,0
2025/07/10 10:00,4.67,0.48,3.89,0
2025/07/10 11:00,2.7,1.41,1.29,0
2025/07/10 12:00,4.99,0.65,4.33,0
2025/07/10 13:00,6.63,0.48,6.15,0
2025/07/10 14:00,5.25,0.49,4.76,0
2025/07/10 15:00,4.36,0.55,3.81,0
2025/07/10 16:00,1.7,0.9,1.03,0.01
2025/07/10 17:00,0.31,1.24,0.01,0.01
2025/07/10 18:00,0,0.92,0.01,0.02
2025/07/10 19:00,0,0.96,0.01,0.01
2025/07/10 20:00,0,0.63,0,0.01
2025/07/10 21:00,0,0.42,0,0
2025/07/10 22:00,0,0.27,0,0
2025/07/10 23:00,0,0.3,0,0
2025/07/11 00:00,0,0.3,0,0
2025/07/11 01:00,0,0.44,0,0.02
2025/07/11 02:00,0,0.26,0,0.28
2025/07/11 03:00,0,0.31,0,0.35
2025/07/11 04:00,0.04,0.47,0,0.44
2025/07/11 05:00,0.47,0.35,0,0.03
2025/07/11 06:00,1.45,0.32,0.01,0.01
2025/07/11 07:00,2.19,0.4,0,0
2025/07/11 08:00,3.27,0.33,0.11,0
2025/07/11 09:00,5.33,0.45,4.09,0
2025/07/11 10:00,3.78,0.4,3.39,0
2025/07/11 11:00,3.29,0.43,2.86,0
2025/07/11 12:00,2.53,0.54,1.99,0
2025/07/11 13:00,1.9,0.49,1.41,0
2025/07/11 14:00,1.11,0.42,0.7,0
2025/07/11 15:00,1.55,0.42,1.13,0
2025/07/11 16:00,0.85,1.02,0.32,0.01
2025/07/11 17:00,0.57,1.63,0.01,0.01
2025/07/11 18:00,0.06,0.5,0,0
2025/07/11 19:00,0,0.24,0,0
2025/07/11 20:00,0,0.33,0,0
2025/07/11 21:00,0,0.34,0,0
2025/07/11 22:00,0,0.47,0,0
2025/07/11 23:00,0,0.29,0,0
2025/07/12 00:00,0,0.25,0,0
2025/07/12 01:00,0,0.29,0,0
2025/07/12 02:00,0,0.31,0.01,0
2025/07/12 03:00,0,0.29,0,0
2025/07/12 04:00,0.04,0.23,0,0
2025/07/12 05:00,0.53,0.29,0,0
2025/07/12 06:00,2.11,0.24,0,0
2025/07/12 07:00,3.82,0.5,0.22,0
2025/07/12 08:00,3.85,0.42,2.21,0
2025/07/12 09:00,4.16,0.6,3.56,0
2025/07/12 10:00,5.9,0.58,5.32,0
2025/07/12 11:00,7.08,0.32,6.76,0
2025/07/12 12:00,7.77,0.62,7.16,0
2025/07/12 13:00,7.78,0.46,7.32,0
2025/07/12 14:00,6.85,0.31,6.54,0
2025/07/12 15:00,3.66,0.25,3.4,0
2025/07/12 16:00,1.4,0.71,0.82,0
2025/07/12 17:00,1.12,1.16,0.03,0
2025/07/12 18:00,0.24,0.25,0,0
2025/07/12 19:00,0,0.8,0.01,0.01
2025/07/12 20:00,0,0.51,0,0
2025/07/12 21:00,0,0.32,0,0
2025/07/12 22:00,0,0.37,0,0
2025/07/12 23:00,0,0.42,0,0
2025/07/13 00:00,0,0.41,0,0
2025/07/13 01:00,0,0.29,0,0
2025/07/13 02:00,0,0.28,0,0
2025/07/13 03:00,0,0.29,0,0
2025/07/13 04:00,0,0.27,0,0
2025/07/13 05:00,0.11,0.31,0,0
2025/07/13 06:00,0.6,0.26,0.01,0.01
2025/07/13 07:00,2.43,0.44,0.01,0.01
2025/07/13 08:00,3.17,0.4,0.21,0.01
2025/07/13 09:00,6.21,0.35,5.1,0
2025/07/13 10:00,8.04,0.3,7.74,0
2025/07/13 11:00,8.69,0.49,8.2,0
2025/07/13 12:00,8.53,0.58,7.95,0
2025/07/13 13:00,7.98,0.63,7.35,0
2025/07/13 14:00,6.91,0.78,6.13,0
2025/07/13 15:00,5.3,0.52,4.78,0
2025/07/13 16:00,3.43,1.36,2.11,0
2025/07/13 17:00,1.41,2.39,0.06,0.03
2025/07/13 18:00,0.18,1.96,0.01,0.01
2025/07/13 19:00,0,0.46,0,0
2025/07/13 20:00,0,0.86,0.01,0.01
2025/07/13 21:00,0,0.79,0,0.01
2025/07/13 22:00,0,0.42,0,0
2025/07/13 23:00,0,0.36,0,0.24
2025/07/14 00:00,0,0.36,0,0.4
2025/07/14 01:00,0,0.36,0,0.4
2025/07/14 02:00,0,0.34,0,0.38
2025/07/14 03:00,0,0.24,0,0.28
2025/07/14 04:00,0.02,0.4,0,0.41
2025/07/14 05:00,0.78,0.37,0,0.04
2025/07/14 06:00,1.6,0.58,0.01,0.01
2025/07/14 07:00,4.84,0.51,1.32,0
2025/07/14 08:00,5.66,0.3,3.12,0
2025/07/14 09:00,4.81,0.3,4.51,0
2025/07/14 10:00,5.21,0.24,4.97,0
2025/07/14 11:00,4.6,0.25,4.36,0
2025/07/14 12:00,6.56,0.33,6.23,0
2025/07/14 13:00,3.17,0.51,2.67,0
2025/07/14 14:00,2.26,0.25,2,0
2025/07/14 15:00,1.98,0.47,1.51,0
2025/07/14 16:00,1,1.52,0.19,0.01
2025/07/14 17:00,0.57,1.77,0.01,0.04
2025/07/14 18:00,0.04,1.46,0.01,0.02
2025/07/14 19:00,0,0.66,0,0.01
2025/07/14 20:00,0,0.98,0,0
2025/07/14 21:00,0,0.65,0,0.01
2025/07/14 22:00,0,0.58,0,0.58
2025/07/14 23:00,0,0.42,0,0.47
2025/07/15 00:00,0,0.33,0,0.36
2025/07/15 01:00,0,0.34,0,0.38
2025/07/15 02:00,0,0.36,0,0.39
2025/07/15 03:00,0,0.28,0,0.32
2025/07/15 04:00,0,0.43,0,0.44
2025/07/15 05:00,0.26,0.46,0,0.22
2025/07/15 06:00,0.39,0.4,0,0.07
2025/07/15 07:00,0.79,0.63,0,0.09
2025/07/15 08:00,1.9,0.35,0,0
2025/07/15 09:00,1.04,0.42,0.01,0
2025/07/15 10:00,1.5,0.38,0,0
2025/07/15 11:00,2.13,0.38,0.07,0
2025/07/15 12:00,1.57,0.82,0.02,0.01
2025/07/15 13:00,1.63,0.43,0.58,0
2025/07/15 14:00,0.77,0.47,0.45,0
2025/07/15 15:00,0.53,0.47,0.14,0
2025/07/15 16:00,0.36,0.79,0.1,0.01
2025/07/15 17:00,0.13,1.29,0.01,0.02
2025/07/15 18:00,0,0.92,0.01,0.01
2025/07/15 19:00,0,0.89,0.01,0.01
2025/07/15 20:00,0,0.77,0,0
2025/07/15 21:00,0,0.82,0,0.01
2025/07/15 22:00,0,0.39,0,0.09
2025/07/15 23:00,0,0.28,0,0.31
2025/07/16 00:00,0,0.3,0,0.34
2025/07/16 01:00,0,0.26,0,0.3
2025/07/16 02:00,0,0.31,0,0.35
2025/07/16 03:00,0,0.29,0,0.33
2025/07/16 04:00,0,0.39,0,0.43
2025/07/16 05:00,0.17,0.42,0,0.3
2025/07/16 06:00,0.59,0.88,0,0.45
2025/07/16 07:00,1.4,0.51,0,0
2025/07/16 08:00,2.96,0.33,0.22,0
2025/07/16 09:00,2.8,0.37,0.18,0
2025/07/16 10:00,4.56,0.48,3.11,0
2025/07/16 11:00,5.19,0.42,4.77,0
2025/07/16 12:00,8.71,0.72,7.98,0
2025/07/16 13:00,6.34,0.44,5.9,0
2025/07/16 14:00,4.13,0.51,3.62,0
2025/07/16 15:00,3.39,0.45,2.93,0
2025/07/16 16:00,3.4,1.15,2.26,0
2025/07/16 17:00,1.76,1.59,0.3,0.01
2025/07/16 18:00,0.41,2.52,0.01,0.02
2025/07/16 19:00,0,1.12,0.01,0.01
2025/07/16 20:00,0,0.76,0,0
2025/07/16 21:00,0,0.84,0,0.01
2025/07/16 22:00,0,0.47,0,0.01
2025/07/16 23:00,0,0.38,0,0.28
2025/07/17 00:00,0,0.35,0,0.39
2025/07/17 01:00,0,0.33,0,0.37
2025/07/17 02:00,0,0.33,0,0.37
2025/07/17 03:00,0,0.37,0,0.41
2025/07/17 04:00,0,0.44,0,0.46
2025/07/17 05:00,0.07,0.28,0,0.22
2025/07/17 06:00,0.68,0.72,0,0.22
2025/07/17 07:00,0.66,0.52,0.01,0
2025/07/17 08:00,1.07,0.39,0,0
2025/07/17 09:00,1.88,0.32,0.01,0
2025/07/17 10:00,3.15,0.42,0.12,0
2025/07/17 11:00,3.98,0.42,2.02,0
2025/07/17 12:00,5.48,0.76,4.72,0
2025/07/17 13:00,4.49,0.43,4.06,0
2025/07/17 14:00,2.47,0.42,2.04,0
2025/07/17 15:00,2.79,0.43,2.36,0
2025/07/17 16:00,1.68,0.85,0.91,0
2025/07/17 17:00,0.38,0.92,0.01,0.01
2025/07/17 18:00,0.05,1.1,0.01,0.02
2025/07/17 19:00,0,1.16,0.01,0.01
2025/07/17 20:00,0,0.61,0,0
2025/07/17 21:00,0,0.88,0.01,0
2025/07/17 22:00,0,0.46,0.01,0.01
2025/07/17 23:00,0,0.31,0,0
2025/07/18 00:00,0,0.32,0,0
2025/07/18 01:00,0,0.29,0,0.22
2025/07/18 02:00,0,0.29,0,0.33
2025/07/18 03:00,0,0.33,0,0.37
2025/07/18 04:00,0.02,0.45,0,0.45
2025/07/18 05:00,0.48,0.35,0,0.09
2025/07/18 06:00,2.24,0.56,0.01,0
2025/07/18 07:00,4.4,0.6,0.89,0
2025/07/18 08:00,4.09,0.32,1.86,0
2025/07/18 09:00,4.81,0.35,4.46,0
2025/07/18 10:00,6.41,0.39,6.02,0
2025/07/18 11:00,7.44,0.42,7.02,0
2025/07/18 12:00,7.07,0.63,6.44,0
2025/07/18 13:00,6.12,0.48,5.64,0
2025/07/18 14:00,6.19,0.57,5.62,0
2025/07/18 15:00,5.35,0.63,4.72,0
2025/07/18 16:00,1.53,0.96,0.71,0.01
2025/07/18 17:00,1,1.14,0.03,0.01
2025/07/18 18:00,0.19,1.59,0.01,0.01
2025/07/18 19:00,0,1.41,0.01,0.03
2025/07/18 20:00,0,0.9,0.01,0.01
2025/07/18 21:00,0,0.53,0,0
2025/07/18 22:00,0,0.55,0,0
2025/07/18 23:00,0,0.44,0,0.02
2025/07/19 00:00,0,0.36,0,0.39
2025/07/19 01:00,0,0.29,0,0.32
2025/07/19 02:00,0,0.39,0,0.43
2025/07/19 03:00,0,0.33,0,0.37
2025/07/19 04:00,0.01,0.52,0,0.53
2025/07/19 05:00,0.12,0.35,0,0.25
2025/07/19 06:00,1.84,0.55,0.01,0.01
2025/07/19 07:00,4.74,0.95,1.25,0.01
2025/07/19 08:00,6.68,0.98,2.85,0
2025/07/19 09:00,6.76,0.78,5.97,0
2025/07/19 10:00,6.97,0.39,6.58,0
2025/07/19 11:00,7.69,0.4,7.29,0
2025/07/19 12:00,6.81,0.8,6.01,0
2025/07/19 13:00,6.68,0.84,5.84,0
2025/07/19 14:00,6.57,0.65,5.93,0
2025/07/19 15:00,5.14,0.64,4.49,0
2025/07/19 16:00,1.55,1.38,0.61,0.01
2025/07/19 17:00,1.46,2.06,0.02,0.06
2025/07/19 18:00,0.31,0.89,0.01,0.02
2025/07/19 19:00,0,1.27,0.01,0.03
2025/07/19 20:00,0,0.69,0.01,0.01
2025/07/19 21:00,0,0.55,0,0
2025/07/19 22:00,0,0.4,0,0
2025/07/19 23:00,0,0.37,0,0
2025/07/20 00:00,0,0.37,0,0
2025/07/20 01:00,0,0.44,0,0.23
2025/07/20 02:00,0,0.35,0,0.39
2025/07/20 03:00,0,0.32,0,0.36
2025/07/20 04:00,0.02,0.31,0,0.31
2025/07/20 05:00,0.62,0.54,0,0.05
2025/07/20 06:00,2.12,0.91,0.03,0.03
2025/07/20 07:00,4.54,0.9,0.81,0
2025/07/20 08:00,4.59,1,1.07,0
2025/07/20 09:00,6.85,0.63,6.22,0
2025/07/20 10:00,7.75,0.59,7.17,0
2025/07/20 11:00,7.63,0.71,6.93,0
2025/07/20 12:00,5.86,0.81,5.04,0
2025/07/20 13:00,7.45,0.8,6.64,0
2025/07/20 14:00,6.59,0.87,5.72,0
2025/07/20 15:00,5.14,0.91,4.24,0
2025/07/20 16:00,2.56,1.15,1.52,0.01
2025/07/20 17:00,1.49,1.8,0.13,0.02
2025/07/20 18:00,0.15,0.86,0.01,0.01
2025/07/20 19:00,0,1.01,0.01,0.02
2025/07/20 20:00,0,0.67,0,0.01
2025/07/20 21:00,0,0.43,0,0
2025/07/20 22:00,0,0.52,0,0
2025/07/20 23:00,0,0.47,0,0
2025/07/21 00:00,0,0.35,0,0
2025/07/21 01:00,0,0.38,0,0
2025/07/21 02:00,0,0.36,0,0.05
2025/07/21 03:00,0,0.32,0,0.36
2025/07/21 04:00,0,0.32,0,0.33
2025/07/21 05:00,0.41,0.34,0,0.1
2025/07/21 06:00,1.83,0.7,0.01,0.01
2025/07/21 07:00,4.64,0.78,1.01,0.01
2025/07/21 08:00,6.05,0.95,2.56,0
2025/07/21 09:00,6.43,1.01,5.42,0
2025/07/21 10:00,4.25,0.34,3.91,0
2025/07/21 11:00,2.98,0.67,2.31,0
2025/07/21 12:00,2.53,0.56,1.97,0
2025/07/21 13:00,2.69,0.38,2.31,0
2025/07/21 14:00,2.46,0.37,2.09,0
2025/07/21 15:00,2.53,0.34,2.19,0
2025/07/21 16:00,1.62,0.83,0.84,0.01
2025/07/21 17:00,1.19,1.21,0.26,0.01
2025/07/21 18:00,0.16,1.23,0,0.01
2025/07/21 19:00,0,1.32,0.01,0.01
2025/07/21 20:00,0,0.61,0,0
2025/07/21 21:00,0,0.84,0,0.01
2025/07/21 22:00,0,0.68,0,0.01
2025/07/21 23:00,0,0.42,0,0
2025/07/22 00:00,0,0.35,0,0.12
2025/07/22 01:00,0,0.3,0,0.33
2025/07/22 02:00,0,0.33,0,0.37
2025/07/22 03:00,0,0.35,0,0.39
2025/07/22 04:00,0.02,0.4,0,0.4
2025/07/22 05:00,0.38,0.5,0,0.25
2025/07/22 06:00,1.62,0.58,0,0.01
2025/07/22 07:00,2.94,0.5,0.3,0.01
2025/07/22 08:00,4.71,0.38,1.36,0.01
2025/07/22 09:00,5.76,0.47,4.89,0
2025/07/22 10:00,4.46,0.44,4.02,0
2025/07/22 11:00,4.97,0.42,4.56,0
2025/07/22 12:00,4.59,0.51,4.07,0
2025/07/22 13:00,6.66,0.47,6.18,0
2025/07/22 14:00,5.96,0.46,5.51,0
2025/07/22 15:00,4.7,0.48,4.22,0
2025/07/22 16:00,2.68,0.88,1.81,0
2025/07/22 17:00,1.38,1.06,0.36,0
2025/07/22 18:00,0.11,1.03,0.01,0.01
2025/07/22 19:00,0,1.37,0.01,0.01
2025/07/22 20:00,0,0.76,0,0
2025/07/22 21:00,0,1.09,0,0.01
2025/07/22 22:00,0,0.9,0,0.01
2025/07/22 23:00,0,0.53,0,0.07
2025/07/23 00:00,0,0.27,0,0.3
2025/07/23 01:00,0,0.26,0,0.3
2025/07/23 02:00,0,0.25,0,0.29
2025/07/23 03:00,0,0.24,0,0.28
2025/07/23 04:00,0.02,0.53,0,0.54
2025/07/23 05:00,0.42,0.6,0,0.26
2025/07/23 06:00,2.38,0.64,0.07,0
2025/07/23 07:00,4.5,0.49,1.09,0
2025/07/23 08:00,5.08,0.52,2.52,0
2025/07/23 09:00,4.46,0.49,3.97,0
2025/07/23 10:00,4.37,0.43,3.94,0
2025/07/23 11:00,4.8,0.44,4.36,0
2025/07/23 12:00,5.96,0.85,5.11,0
2025/07/23 13:00,6.69,0.44,6.25,0
2025/07/23 14:00,4.67,0.52,4.15,0
2025/07/23 15:00,3.3,0.48,2.81,0
2025/07/23 16:00,1.93,0.9,1.04,0
2025/07/23 17:00,1.84,1.25,0.64,0
2025/07/23 18:00,0.31,1.11,0,0.01
2025/07/23 19:00,0,1.74,0.01,0.03
2025/07/23 20:00,0,0.87,0,0.01
2025/07/23 21:00,0,0.99,0,0
2025/07/23 22:00,0,0.52,0,0.01
2025/07/23 23:00,0,0.37,0,0
2025/07/24 00:00,0,0.33,0,0.19
2025/07/24 01:00,0,0.29,0,0.33
2025/07/24 02:00,0,0.31,0,0.35
2025/07/24 03:00,0,0.34,0,0.38
2025/07/24 04:00,0.01,0.45,0,0.46
2025/07/24 05:00,0.27,0.55,0,0.31
2025/07/24 06:00,2.2,0.68,0.04,0.01
2025/07/24 07:00,3.62,0.5,0.43,0.01
2025/07/24 08:00,5.99,0.48,2.99,0
2025/07/24 09:00,7.35,0.4,6.95,0
2025/07/24 10:00,6.9,0.43,6.47,0
2025/07/24 11:00,6.66,0.43,6.23,0
2025/07/24 12:00,6.63,0.87,5.77,0
2025/07/24 13:00,7.02,0.45,6.57,0
2025/07/24 14:00,6.72,0.47,6.25,0
2025/07/24 15:00,5.53,0.61,4.92,0
2025/07/24 16:00,2.53,0.91,1.62,0
2025/07/24 17:00,1.5,1.15,0.42,0.01
2025/07/24 18:00,0.15,0.87,0,0.01
2025/07/24 19:00,0,1.16,0.01,0.02
2025/07/24 20:00,0,0.88,0,0.01
2025/07/24 21:00,0,1.03,0,0
2025/07/24 22:00,0,0.48,0,0.01
2025/07/24 23:00,0,0.43,0,0
2025/07/25 00:00,0,0.36,0,0
2025/07/25 01:00,0,0.26,0,0
2025/07/25 02:00,0,0.29,0,0.3
2025/07/25 03:00,0,0.29,0,0.33
2025/07/25 04:00,0,0.49,0,0.51
2025/07/25 05:00,0.31,0.73,0,0.45
2025/07/25 06:00,2.04,0.6,0.01,0.03
2025/07/25 07:00,4.56,0.54,1.13,0
2025/07/25 08:00,6.24,0.45,3.46,0
2025/07/25 09:00,7.21,0.5,6.71,0
2025/07/25 10:00,7.86,0.48,7.38,0
2025/07/25 11:00,8.12,1.16,6.96,0
2025/07/25 12:00,7.84,0.59,7.25,0
2025/07/25 13:00,7.38,0.43,6.96,0
2025/07/25 14:00,6.5,0.48,6.02,0
2025/07/25 15:00,5.14,0.46,4.68,0
2025/07/25 16:00,3.21,0.89,2.32,0
2025/07/25 17:00,1.16,1.24,0.11,0
2025/07/25 18:00,0.12,0.93,0,0
2025/07/25 19:00,0,1.43,0.01,0.05
2025/07/25 20:00,0,0.67,0,0.01
2025/07/25 21:00,0,0.48,0,0
2025/07/25 22:00,0,0.42,0,0
2025/07/25 23:00,0,0.39,0,0
2025/07/26 00:00,0,0.32,0,0
2025/07/26 01:00,0,0.33,0,0
2025/07/26 02:00,0,0.31,0,0
2025/07/26 03:00,0,0.31,0,0.31
2025/07/26 04:00,0.01,0.34,0,0.35
2025/07/26 05:00,0.41,0.5,0,0.18
2025/07/26 06:00,1.58,0.47,0,0
2025/07/26 07:00,3.83,0.91,0.35,0.01
2025/07/26 08:00,3.11,0.77,0.12,0.01
2025/07/26 09:00,3.7,0.3,2.72,0
2025/07/26 10:00,3.22,0.23,2.99,0
2025/07/26 11:00,4.08,0.23,3.84,0
2025/07/26 12:00,3.43,0.26,3.18,0
2025/07/26 13:00,2.16,0.23,1.93,0
2025/07/26 14:00,2.15,0.26,1.89,0
2025/07/26 15:00,1.75,0.24,1.52,0
2025/07/26 16:00,2.63,0.67,2,0
2025/07/26 17:00,0.81,1.5,0,0
2025/07/26 18:00,0.12,1.25,0.01,0.01
2025/07/26 19:00,0,0.75,0,0
2025/07/26 20:00,0,0.56,0,0
2025/07/26 21:00,0,0.44,0,0
2025/07/26 22:00,0,0.39,0,0
2025/07/26 23:00,0,0.53,0,0
2025/07/27 00:00,0,0.53,0,0
2025/07/27 01:00,0,0.39,0,0.06
2025/07/27 02:00,0,0.49,0,0.53
2025/07/27 03:00,0,0.35,0,0.38
2025/07/27 04:00,0,0.34,0,0.37
2025/07/27 05:00,0.18,0.25,0,0.1
2025/07/27 06:00,0.67,0.32,0,0.02
2025/07/27 07:00,2.25,0.74,0.01,0.01
2025/07/27 08:00,3.93,0.73,0.65,0.01
2025/07/27 09:00,4.2,0.84,1.15,0
2025/07/27 10:00,2.96,0.64,2.31,0
2025/07/27 11:00,2.44,0.61,1.83,0
2025/07/27 12:00,2.85,0.54,2.31,0
2025/07/27 13:00,3.51,0.52,2.99,0
2025/07/27 14:00,2.2,0.48,1.72,0
2025/07/27 15:00,1.22,0.45,0.78,0
2025/07/27 16:00,1.9,0.74,1.18,0
2025/07/27 17:00,0.65,1.66,0.01,0.01
2025/07/27 18:00,0.05,1.23,0.01,0.01
2025/07/27 19:00,0,1.1,0,0
2025/07/27 20:00,0,1.06,0.01,0.02
2025/07/27 21:00,0,0.51,0,0
2025/07/27 22:00,0,0.41,0,0
2025/07/27 23:00,0,0.37,0,0.12
2025/07/28 00:00,0,0.43,0,0.46
2025/07/28 01:00,0,0.41,0,0.45
2025/07/28 02:00,0,0.36,0,0.4
2025/07/28 03:00,0,0.41,0,0.45
2025/07/28 04:00,0.03,0.56,0,0.55
2025/07/28 05:00,0.79,0.45,0,0.11
2025/07/28 06:00,2.46,0.6,0.05,0.01
2025/07/28 07:00,4.66,0.57,1.2,0.01
2025/07/28 08:00,4.99,0.54,2.88,0
2025/07/28 09:00,5.78,0.78,5,0
2025/07/28 10:00,4.93,0.52,4.41,0
2025/07/28 11:00,6.05,0.71,5.34,0
2025/07/28 12:00,5.39,0.62,4.78,0
2025/07/28 13:00,7.14,0.65,6.49,0
2025/07/28 14:00,5.09,0.53,4.56,0
2025/07/28 15:00,5.07,0.37,4.7,0
2025/07/28 16:00,3.4,0.65,2.75,0
2025/07/28 17:00,1.26,0.96,0.36,0
2025/07/28 18:00,0.11,1.69,0.01,0.02
2025/07/28 19:00,0,1.27,0.01,0.01
2025/07/28 20:00,0,1.26,0,0.02
2025/07/28 21:00,0,0.57,0,0
2025/07/28 22:00,0,0.27,0,0
2025/07/28 23:00,0,0.38,0,0.01
2025/07/29 00:00,0,0.42,0,0.35
2025/07/29 01:00,0,0.41,0,0.45
2025/07/29 02:00,0,0.33,0,0.36
2025/07/29 03:00,0,0.37,0,0.41
2025/07/29 04:00,0,0.52,0,0.54
2025/07/29 05:00,0.25,0.73,0,0.51
2025/07/29 06:00,1.93,0.59,0,0.01
2025/07/29 07:00,4.24,0.47,0.95,0
2025/07/29 08:00,5.97,0.54,2.91,0
2025/07/29 09:00,6.66,0.45,6.22,0
2025/07/29 10:00,7.74,0.42,7.32,0
2025/07/29 11:00,7.91,0.45,7.45,0
2025/07/29 12:00,7.84,1.05,6.8,0
2025/07/29 13:00,7.38,1.34,6.04,0
2025/07/29 14:00,6.38,1.22,5.16,0
2025/07/29 15:00,4.96,0.76,4.2,0
2025/07/29 16:00,3.11,0.68,2.43,0
2025/07/29 17:00,1.15,0.75,0.56,0
2025/07/29 18:00,0.1,1.45,0.01,0.05
2025/07/29 19:00,0,1.24,0,0.02
2025/07/29 20:00,0,1.04,0,0.02
2025/07/29 21:00,0,0.46,0,0.01
2025/07/29 22:00,0,0.38,0,0
2025/07/29 23:00,0,0.32,0,0
2025/07/30 00:00,0,0.33,0,0
2025/07/30 01:00,0,0.31,0,0.14
2025/07/30 02:00,0,0.32,0,0.35
2025/07/30 03:00,0,0.3,0,0.34
2025/07/30 04:00,0.01,0.45,0,0.47
2025/07/30 05:00,0.24,0.62,0,0.41
2025/07/30 06:00,1.35,0.55,0.01,0.04
2025/07/30 07:00,4.41,0.43,1.11,0
2025/07/30 08:00,6.12,0.48,2.73,0
2025/07/30 09:00,7.16,0.39,6.71,0
2025/07/30 10:00,7.92,0.44,7.48,0
2025/07/30 11:00,8.18,0.47,7.71,0
2025/07/30 12:00,7.81,0.57,7.24,0
2025/07/30 13:00,7.38,0.44,6.94,0
2025/07/30 14:00,5.85,0.51,5.34,0
2025/07/30 15:00,4.79,0.6,4.19,0
2025/07/30 16:00,2.97,0.95,2.03,0
2025/07/30 17:00,1.08,1.04,0.18,0.01
2025/07/30 18:00,0.11,1.7,0.01,0.02
2025/07/30 19:00,0,1.14,0.01,0.01
2025/07/30 20:00,0,0.9,0,0
2025/07/30 21:00,0,0.88,0,0.01
2025/07/30 22:00,0,0.47,0,0.01
2025/07/30 23:00,0,0.32,0,0
2025/07/31 00:00,0,0.36,0,0.34
2025/07/31 01:00,0,0.32,0,0.36
2025/07/31 02:00,0,0.32,0,0.36
2025/07/31 03:00,0,0.32,0,0.36
2025/07/31 04:00,0,0.46,0,0.48
2025/07/31 05:00,0.35,0.56,0,0.25
2025/07/31 06:00,1.99,0.78,0.01,0.01
2025/07/31 07:00,4.23,0.56,0.9,0.01
2025/07/31 08:00,5.98,0.52,2.81,0
2025/07/31 09:00,7.13,0.47,6.66,0
2025/07/31 10:00,7.83,0.39,7.44,0
2025/07/31 11:00,7.95,0.42,7.53,0
2025/07/31 12:00,7.76,0.65,7.11,0
2025/07/31 13:00,7.29,0.5,6.79,0
2025/07/31 14:00,6.23,0.55,5.68,0
2025/07/31 15:00,4.9,0.55,4.35,0
2025/07/31 16:00,2.68,0.85,1.96,0
2025/07/31 17:00,0.58,1,0.04,0.01
2025/07/31 18:00,0.09,1.45,0.01,0.02
2025/07/31 19:00,0,0.94,0.01,0.01
2025/07/31 20:00,0,1.38,0.01,0.01
2025/07/31 21:00,0,0.67,0,0.01
2025/07/31 22:00,0,0.32,0,0
2025/07/31 23:00,0,0.33,0,0.05
2025/08/01 00:00,0,0.33,0,0.35
2025/08/01 01:00,0,0.33,0,0.38
2025/08/01 02:00,0,0.3,0,0.34
2025/08/01 03:00,0,0.23,0,0.27
2025/08/01 04:00,0,0.47,0,0.49
2025/08/01 05:00,0.33,0.52,0,0.24
2025/08/01 06:00,1.88,0.69,0.01,0.01
2025/08/01 07:00,3.75,0.49,0.68,0
2025/08/01 08:00,5.23,0.46,1.95,0
2025/08/01 09:00,5.66,0.44,5.17,0
2025/08/01 10:00,7.55,0.42,7.13,0
2025/08/01 11:00,7.45,0.42,7.03,0
2025/08/01 12:00,6.72,0.64,6.08,0
2025/08/01 13:00,7.51,0.46,7.06,0
2025/08/01 14:00,6.43,0.56,5.87,0
2025/08/01 15:00,4.97,0.65,4.33,0
2025/08/01 16:00,2.07,0.86,1.25,0
2025/08/01 17:00,1.34,0.97,0.47,0
2025/08/01 18:00,0.07,1.13,0,0
2025/08/01 19:00,0,0.68,0,0
2025/08/01 20:00,0,1.01,0,0.01
2025/08/01 21:00,0,0.66,0,0
2025/08/01 22:00,0,0.43,0,0
2025/08/01 23:00,0,0.39,0,0
2025/08/02 00:00,0,0.42,0,0
2025/08/02 01:00,0,0.35,0,0
2025/08/02 02:00,0,0.27,0,0.07
2025/08/02 03:00,0,0.31,0,0.34
2025/08/02 04:00,0,0.57,0,0.6
2025/08/02 05:00,0.2,0.6,0,0.42
2025/08/02 06:00,1.54,0.42,0,0
2025/08/02 07:00,3.18,0.63,0.44,0.01
2025/08/02 08:00,6.55,0.94,2.7,0
2025/08/02 09:00,6.33,0.48,5.34,0
2025/08/02 10:00,7.82,0.3,7.52,0
2025/08/02 11:00,7.24,1.64,5.61,0
2025/08/02 12:00,4.26,1.26,3,0
2025/08/02 13:00,3.3,0.94,2.36,0
2025/08/02 14:00,1.93,0.59,1.34,0
2025/08/02 15:00,1.99,0.55,1.44,0
2025/08/02 16:00,0.51,0.87,0.18,0.01
2025/08/02 17:00,0.72,1.44,0.01,0.02
2025/08/02 18:00,0.16,0.83,0,0
2025/08/02 19:00,0,1.3,0.01,0.01
2025/08/02 20:00,0,0.84,0,0.01
2025/08/02 21:00,0,0.6,0,0.01
2025/08/02 22:00,0,0.57,0,0
2025/08/02 23:00,0,0.56,0,0.25
2025/08/03 00:00,0,0.4,0,0.44
2025/08/03 01:00,0,0.32,0,0.36
2025/08/03 02:00,0,0.33,0,0.37
2025/08/03 03:00,0,0.3,0,0.34
2025/08/03 04:00,0,0.32,0,0.35
2025/08/03 05:00,0.12,0.38,0,0.28
2025/08/03 06:00,1.1,0.55,0,0.03
2025/08/03 07:00,2.43,0.62,0.23,0.01
2025/08/03 08:00,4.75,0.66,1.84,0.01
2025/08/03 09:00,7.28,0.44,4.56,0
2025/08/03 10:00,7.78,0.57,7.21,0
2025/08/03 11:00,7.98,0.62,7.36,0
2025/08/03 12:00,7.8,0.53,7.27,0
2025/08/03 13:00,7.2,0.67,6.53,0
2025/08/03 14:00,6.17,0.85,5.32,0
2025/08/03 15:00,4.71,0.87,3.83,0
2025/08/03 16:00,2.73,1.14,1.6,0
2025/08/03 17:00,1.03,1.25,0.06,0.01
2025/08/03 18:00,0.05,0.93,0,0.01
2025/08/03 19:00,0,0.85,0,0.01
2025/08/03 20:00,0,1.3,0,0.02
2025/08/03 21:00,0,0.85,0,0.01
2025/08/03 22:00,0,0.77,0,0
2025/08/03 23:00,0,0.55,0,0
2025/08/04 00:00,0,0.39,0,0.36
2025/08/04 01:00,0,0.34,0,0.38
2025/08/04 02:00,0,0.35,0,0.39
2025/08/04 03:00,0,0.33,0,0.37
2025/08/04 04:00,0,0.55,0,0.58
2025/08/04 05:00,0.07,0.64,0,0.57
2025/08/04 06:00,0.76,0.78,0,0.27
2025/08/04 07:00,1.6,0.54,0.01,0.01
2025/08/04 08:00,2.31,0.41,0.03,0
2025/08/04 09:00,2.42,0.46,0.1,0
2025/08/04 10:00,4.77,0.4,2.74,0
2025/08/04 11:00,6.43,0.44,5.98,0
2025/08/04 12:00,5.71,0.91,4.8,0
2025/08/04 13:00,7.05,0.5,6.55,0
2025/08/04 14:00,6.04,0.5,5.54,0
2025/08/04 15:00,4.38,0.63,3.75,0
2025/08/04 16:00,2.39,0.9,1.49,0
2025/08/04 17:00,0.76,1.05,0.1,0.01
2025/08/04 18:00,0.08,1.83,0.01,0.02
2025/08/04 19:00,0,1.26,0,0.01
2025/08/04 20:00,0,0.97,0,0.02
2025/08/04 21:00,0,0.92,0.01,0.01
2025/08/04 22:00,0,0.82,0,0.5
2025/08/04 23:00,0,0.54,0,0.58
2025/08/05 00:00,0,0.4,0,0.44
2025/08/05 01:00,0,0.4,0,0.44
2025/08/05 02:00,0,0.34,0,0.38
2025/08/05 03:00,0,0.28,0,0.32
2025/08/05 04:00,0,0.4,0,0.43
2025/08/05 05:00,0.07,0.54,0,0.47
2025/08/05 06:00,0,0.59,0,0.6
2025/08/05 07:00,0.04,0.53,0,0.49
2025/08/05 08:00,0.25,0.45,0,0.26
2025/08/05 09:00,0.72,0.32,0,0
2025/08/05 10:00,0.64,0.39,0,0
2025/08/05 11:00,1.88,0.41,0.01,0
2025/08/05 12:00,2.31,0.8,0.06,0
2025/08/05 13:00,5.96,0.44,2.7,0
2025/08/05 14:00,6.13,0.52,5.36,0
2025/08/05 15:00,4.75,0.47,4.28,0
2025/08/05 16:00,3.05,0.87,2.28,0
2025/08/05 17:00,1.31,0.91,0.42,0
2025/08/05 18:00,0.13,1.45,0.01,0.03
2025/08/05 19:00,0,1.29,0.01,0.02
2025/08/05 20:00,0,0.93,0,0
2025/08/05 21:00,0,0.7,0,0.01
2025/08/05 22:00,0,0.41,0,0.01
2025/08/05 23:00,0,0.34,0,0
2025/08/06 00:00,0,0.3,0,0
2025/08/06 01:00,0,0.33,0,0.22
2025/08/06 02:00,0,0.29,0,0.33
2025/08/06 03:00,0,0.34,0,0.38
2025/08/06 04:00,0,0.52,0,0.54
2025/08/06 05:00,0.35,0.74,0,0.4
2025/08/06 06:00,0.99,0.65,0.01,0.04
2025/08/06 07:00,3.15,0.48,0.33,0
2025/08/06 08:00,4.98,0.38,1.76,0
2025/08/06 09:00,7.15,0.39,5.6,0
2025/08/06 10:00,3.59,0.43,3.16,0
2025/08/06 11:00,4.77,0.44,4.34,0
2025/08/06 12:00,5.41,0.82,4.58,0
2025/08/06 13:00,2.47,0.39,2.07,0
2025/08/06 14:00,1.91,0.46,1.45,0
2025/08/06 15:00,0.57,0.43,0.21,0
2025/08/06 16:00,0.19,0.77,0.03,0.01
2025/08/06 17:00,0.16,0.73,0.01,0.01
2025/08/06 18:00,0,0.89,0.01,0.02
2025/08/06 19:00,0,0.64,0,0
2025/08/06 20:00,0,0.99,0.01,0.01
2025/08/06 21:00,0,0.82,0.01,0.01
2025/08/06 22:00,0,0.44,0,0
2025/08/06 23:00,0,0.49,0,0
2025/08/07 00:00,0,0.31,0,0.34
2025/08/07 01:00,0,0.28,0,0.31
2025/08/07 02:00,0,0.33,0,0.36
2025/08/07 03:00,0,0.32,0,0.35
2025/08/07 04:00,0,0.51,0,0.53
2025/08/07 05:00,0.08,0.34,0,0.28
2025/08/07 06:00,0.92,0.24,0,0
2025/08/07 07:00,1.17,0.22,0,0
2025/08/07 08:00,2.48,0.26,0.05,0
2025/08/07 09:00,2.26,0.22,0.02,0
2025/08/07 10:00,1.81,0.3,0.65,0
2025/08/07 11:00,4.14,0.25,3.89,0
2025/08/07 12:00,2.14,0.22,1.92,0
2025/08/07 13:00,0.53,0.22,0.36,0
2025/08/07 14:00,2.04,0.24,1.8,0
2025/08/07 15:00,2.43,0.25,2.19,0
2025/08/07 16:00,1.86,0.59,1.56,0
2025/08/07 17:00,0.1,0.78,0,0
2025/08/07 18:00,0,0.24,0,0
2025/08/07 19:00,0,0.24,0,0
2025/08/07 20:00,0,0.26,0,0
2025/08/07 21:00,0,0.24,0,0
2025/08/07 22:00,0,0.24,0,0
2025/08/07 23:00,0,0.24,0,0
2025/08/08 00:00,0,0.26,0,0
2025/08/08 01:00,0,0.25,0,0
2025/08/08 02:00,0,0.29,0,0
2025/08/08 03:00,0,0.28,0,0
2025/08/08 04:00,0,0.29,0,0
2025/08/08 05:00,0.15,0.24,0,0
2025/08/08 06:00,0.64,0.23,0.01,0.01
2025/08/08 07:00,1.99,0.24,0,0
2025/08/08 08:00,4.78,0.26,1.55,0
2025/08/08 09:00,5.41,0.23,5.05,0
2025/08/08 10:00,6.95,0.24,6.71,0
2025/08/08 11:00,3.58,0.26,3.32,0
2025/08/08 12:00,4.71,0.28,4.43,0
2025/08/08 13:00,3.51,0.23,3.28,0
2025/08/08 14:00,1.97,0.22,1.75,0
2025/08/08 15:00,2.59,0.23,2.36,0
2025/08/08 16:00,1.25,0.63,0.62,0
2025/08/08 17:00,0.85,0.63,0.31,0
2025/08/08 18:00,0.08,0.22,0.02,0
2025/08/08 19:00,0,0.23,0,0
2025/08/08 20:00,0,0.23,0,0
2025/08/08 21:00,0,0.29,0,0
2025/08/08 22:00,0,0.27,0,0
2025/08/08 23:00,0,0.23,0,0
2025/08/09 00:00,0,0.19,0,0
2025/08/09 01:00,0,0.22,0,0
2025/08/09 02:00,0,0.26,0,0
2025/08/09 03:00,0,0.24,0,0
2025/08/09 04:00,0,0.29,0,0
2025/08/09 05:00,0.13,0.29,0,0
2025/08/09 06:00,1.54,0.24,0.01,0.01
2025/08/09 07:00,3.38,0.25,0.47,0
2025/08/09 08:00,6.32,0.22,6.02,0
2025/08/09 09:00,6.4,0.26,6.14,0
2025/08/09 10:00,7.04,0.22,6.82,0
2025/08/09 11:00,8.16,0.21,7.95,0
2025/08/09 12:00,7.8,0.23,7.56,0
2025/08/09 13:00,3.56,0.24,3.32,0
2025/08/09 14:00,6.45,0.25,6.19,0
2025/08/09 15:00,3.03,0.25,2.78,0
2025/08/09 16:00,3.59,0.59,3.01,0
2025/08/09 17:00,1,0.64,0.41,0
2025/08/09 18:00,0.05,0.23,0.01,0
2025/08/09 19:00,0,0.24,0,0
2025/08/09 20:00,0,0.28,0,0
2025/08/09 21:00,0,0.28,0,0
2025/08/09 22:00,0,0.24,0,0
2025/08/09 23:00,0,0.24,0,0
2025/08/10 00:00,0,0.21,0,0
2025/08/10 01:00,0,0.26,0,0
2025/08/10 02:00,0,0.23,0,0
2025/08/10 03:00,0,0.25,0,0
2025/08/10 04:00,0,0.3,0,0
2025/08/10 05:00,0.05,0.28,0,0
2025/08/10 06:00,0.38,0.27,0,0
2025/08/10 07:00,1.29,0.2,0,0
2025/08/10 08:00,2.49,0.23,0,0
2025/08/10 09:00,2.09,0.25,1.15,0
2025/08/10 10:00,2.42,0.23,2.19,0
2025/08/10 11:00,2.14,0.25,1.88,0
2025/08/10 12:00,3.17,0.23,2.94,0
2025/08/10 13:00,2.64,0.25,2.39,0
2025/08/10 14:00,2.37,0.26,2.11,0
2025/08/10 15:00,2.47,0.21,2.26,0
2025/08/10 16:00,0.82,0.62,0.4,0.01
2025/08/10 17:00,0.31,0.35,0.12,0
2025/08/10 18:00,0,0.23,0,0
2025/08/10 19:00,0,0.25,0,0
2025/08/10 20:00,0,0.77,0,0
2025/08/10 21:00,0,1.02,0.01,0.02
2025/08/10 22:00,0,0.71,0,0
2025/08/10 23:00,0,0.41,0,0
2025/08/11 00:00,0,0.32,0,0
2025/08/11 01:00,0,0.3,0,0
2025/08/11 02:00,0,0.31,0,0
2025/08/11 03:00,0,0.3,0,0
2025/08/11 04:00,0,0.3,0,0.06
2025/08/11 05:00,0,0.34,0,0.35
2025/08/11 06:00,0.34,0.31,0,0.2
2025/08/11 07:00,0.85,0.45,0.01,0.02
2025/08/11 08:00,1.7,0.64,0.01,0.01
2025/08/11 09:00,2.72,0.68,0.03,0.01
2025/08/11 10:00,4.28,0.68,1.18,0
2025/08/11 11:00,2.55,0.49,1.55,0
2025/08/11 12:00,6.24,0.63,5.6,0
2025/08/11 13:00,3.42,0.57,2.85,0
2025/08/11 14:00,0.93,0.41,0.52,0
2025/08/11 15:00,3.52,0.33,3.19,0
2025/08/11 16:00,2.92,0.85,2.07,0
2025/08/11 17:00,0.56,1.35,0.02,0.03
2025/08/11 18:00,0.05,1.37,0.01,0.02
2025/08/11 19:00,0,0.73,0,0
2025/08/11 20:00,0,0.75,0.01,0.01
2025/08/11 21:00,0,0.81,0.01,0.01
2025/08/11 22:00,0,0.4,0,0
2025/08/11 23:00,0,0.48,0,0
2025/08/12 00:00,0,0.46,0,0.26
2025/08/12 01:00,0,0.35,0,0.39
2025/08/12 02:00,0,0.3,0,0.34
2025/08/12 03:00,0,0.29,0,0.33
2025/08/12 04:00,0,0.36,0,0.4
2025/08/12 05:00,0.05,0.31,0,0.27
2025/08/12 06:00,0.19,0.23,0,0.1
2025/08/12 07:00,1.06,0.48,0,0.03
2025/08/12 08:00,2.04,0.56,0,0
2025/08/12 09:00,3.48,0.61,0.33,0
2025/08/12 10:00,4.97,0.45,2.52,0
2025/08/12 11:00,4.5,0.75,3.76,0
2025/08/12 12:00,3.2,0.61,2.59,0
2025/08/12 13:00,4.15,0.56,3.59,0
2025/08/12 14:00,3.36,0.65,2.71,0
2025/08/12 15:00,3.6,0.51,3.09,0
2025/08/12 16:00,1.61,0.94,0.82,0.01
2025/08/12 17:00,0.74,1.25,0.01,0.02
2025/08/12 18:00,0.06,1.25,0.01,0.03
2025/08/12 19:00,0,0.69,0.01,0.01
2025/08/12 20:00,0,0.9,0,0.01
2025/08/12 21:00,0,0.55,0.01,0.01
2025/08/12 22:00,0,0.29,0,0
2025/08/12 23:00,0,0.31,0,0
2025/08/13 00:00,0,0.28,0,0
2025/08/13 01:00,0,0.42,0,0
2025/08/13 02:00,0,0.37,0,0.29
2025/08/13 03:00,0,0.39,0,0.43
2025/08/13 04:00,0,0.33,0,0.36
2025/08/13 05:00,0.15,0.47,0,0.34
2025/08/13 06:00,1.74,0.37,0.01,0.01
2025/08/13 07:00,3.63,0.55,0.64,0
2025/08/13 08:00,6.37,0.55,2.98,0
2025/08/13 09:00,7.37,0.5,6.84,0
2025/08/13 10:00,7.31,0.51,6.8,0
2025/08/13 11:00,8.15,0.43,7.73,0
2025/08/13 12:00,8.02,0.45,7.57,0
2025/08/13 13:00,7.5,0.47,7.04,0
2025/08/13 14:00,6.76,0.57,6.19,0
2025/08/13 15:00,5.31,0.27,5.04,0
2025/08/13 16:00,2.26,0.78,1.52,0
2025/08/13 17:00,0.51,1,0.03,0.01
2025/08/13 18:00,0,0.53,0,0
2025/08/13 19:00,0,0.37,0,0
2025/08/13 20:00,0,1.08,0.01,0.01
2025/08/13 21:00,0,0.79,0,0.01
2025/08/13 22:00,0,0.41,0,0
2025/08/13 23:00,0,0.28,0,0
2025/08/14 00:00,0,0.32,0,0
2025/08/14 01:00,0,0.37,0,0
2025/08/14 02:00,0,0.35,0,0
2025/08/14 03:00,0,0.3,0,0.08
2025/08/14 04:00,0,0.31,0,0.34
2025/08/14 05:00,0.19,0.39,0,0.23
2025/08/14 06:00,1.64,0.53,0.01,0.01
2025/08/14 07:00,2.41,0.68,0.25,0.01
2025/08/14 08:00,5.57,0.46,2.21,0
2025/08/14 09:00,7.11,0.61,5.36,0
2025/08/14 10:00,8.05,0.54,7.51,0
2025/08/14 11:00,7.96,0.71,7.26,0
2025/08/14 12:00,7.55,0.63,6.92,0
2025/08/14 13:00,6.78,0.74,6.04,0
2025/08/14 14:00,4.84,0.74,4.1,0
2025/08/14 15:00,2.52,0.8,1.71,0
2025/08/14 16:00,1.28,0.94,0.51,0.01
2025/08/14 17:00,0.93,1.12,0.01,0.01
2025/08/14 18:00,0.13,0.93,0.01,0.01
2025/08/14 19:00,0,0.73,0.01,0.01
2025/08/14 20:00,0,0.59,0,0
2025/08/14 21:00,0,0.75,0,0.01
2025/08/14 22:00,0,0.36,0,0.01
2025/08/14 23:00,0,0.36,0,0
2025/08/15 00:00,0,0.34,0,0
2025/08/15 01:00,0,0.34,0,0
2025/08/15 02:00,0,0.28,0,0
2025/08/15 03:00,0,0.3,0,0
2025/08/15 04:00,0,0.41,0,0.37
2025/08/15 05:00,0.13,0.4,0,0.28
2025/08/15 06:00,0.81,0.25,0,0.01
2025/08/15 07:00,1.5,0.43,0,0
2025/08/15 08:00,1.66,0.59,0.01,0.01
2025/08/15 09:00,6.11,0.58,2.69,0
2025/08/15 10:00,8.07,0.64,6.33,0
2025/08/15 11:00,7.98,1.02,6.95,0
2025/08/15 12:00,6.75,0.8,5.95,0
2025/08/15 13:00,7.49,0.78,6.71,0
2025/08/15 14:00,6.26,0.73,5.53,0
2025/08/15 15:00,4.71,0.58,4.13,0
2025/08/15 16:00,2.77,0.95,1.82,0
2025/08/15 17:00,0.81,1.06,0.05,0.01
2025/08/15 18:00,0.04,1.6,0.01,0.06
2025/08/15 19:00,0,0.93,0.01,0.01
2025/08/15 20:00,0,0.54,0,0
2025/08/15 21:00,0,0.35,0,0
2025/08/15 22:00,0,0.51,0,0
2025/08/15 23:00,0,0.48,0,0
2025/08/16 00:00,0,0.38,0,0
2025/08/16 01:00,0,0.31,0,0
2025/08/16 02:00,0,0.29,0,0.26
2025/08/16 03:00,0,0.35,0,0.38
2025/08/16 04:00,0,0.33,0,0.36
2025/08/16 05:00,0.14,0.31,0,0.19
2025/08/16 06:00,1.73,0.28,0,0
2025/08/16 07:00,4.39,0.45,0.75,0
2025/08/16 08:00,6.28,0.59,3.66,0
2025/08/16 09:00,7.33,0.34,7,0
2025/08/16 10:00,7.97,0.44,7.53,0
2025/08/16 11:00,8.21,0.71,7.49,0
2025/08/16 12:00,7.93,0.99,6.94,0
2025/08/16 13:00,7.38,0.71,6.67,0
2025/08/16 14:00,6.27,0.75,5.52,0
2025/08/16 15:00,4.72,0.71,4.02,0
2025/08/16 16:00,2.44,0.86,1.6,0
2025/08/16 17:00,0.74,1.03,0.04,0.01
2025/08/16 18:00,0.03,0.27,0,0
2025/08/16 19:00,0,0.34,0,0
2025/08/16 20:00,0,0.78,0.01,0.01
2025/08/16 21:00,0,0.7,0,0.01
2025/08/16 22:00,0,0.55,0,0
2025/08/16 23:00,0,0.51,0,0
2025/08/17 00:00,0,0.48,0,0
2025/08/17 01:00,0,0.3,0,0
2025/08/17 02:00,0,0.32,0,0
2025/08/17 03:00,0,0.25,0,0
2025/08/17 04:00,0,0.29,0,0
2025/08/17 05:00,0.22,0.36,0,0.08
2025/08/17 06:00,1.65,0.3,0,0
2025/08/17 07:00,3.43,0.52,0.66,0.01
2025/08/17 08:00,5.96,0.77,2.31,0
2025/08/17 09:00,7.03,0.38,6.52,0
2025/08/17 10:00,7.63,0.27,7.36,0
2025/08/17 11:00,6.29,0.25,6.05,0
2025/08/17 12:00,6,0.24,5.76,0
2025/08/17 13:00,4.43,0.26,4.18,0
2025/08/17 14:00,2.39,0.64,1.77,0
2025/08/17 15:00,0.26,0.69,0.02,0.01
2025/08/17 16:00,0.29,1.35,0.01,0.01
2025/08/17 17:00,0.8,2.12,0.01,0.04
2025/08/17 18:00,0.02,0.85,0.01,0.01
2025/08/17 19:00,0,0.71,0,0
2025/08/17 20:00,0,0.94,0,0
2025/08/17 21:00,0,0.55,0,0.28
2025/08/17 22:00,0,0.37,0,0.41
2025/08/17 23:00,0,0.33,0,0.37
2025/08/18 00:00,0,0.31,0,0.35
2025/08/18 01:00,0,0.33,0,0.37
2025/08/18 02:00,0,0.28,0,0.32
2025/08/18 03:00,0,0.29,0,0.33
2025/08/18 04:00,0,0.44,0,0.47
2025/08/18 05:00,0.24,0.44,0,0.22
2025/08/18 06:00,0.83,0.56,0,0.05
2025/08/18 07:00,3.94,0.43,0.61,0
2025/08/18 08:00,6.11,0.53,2.67,0
2025/08/18 09:00,6.82,0.46,5.78,0
2025/08/18 10:00,6.98,0.43,6.55,0
2025/08/18 11:00,8.11,0.42,7.69,0
2025/08/18 12:00,7.42,0.81,6.61,0
2025/08/18 13:00,7.12,0.47,6.65,0
2025/08/18 14:00,6.24,0.52,5.72,0
2025/08/18 15:00,4.71,0.47,4.24,0
2025/08/18 16:00,2.71,0.82,1.89,0
2025/08/18 17:00,0.73,0.83,0.08,0.01
2025/08/18 18:00,0.05,1.03,0.01,0.02
2025/08/18 19:00,0,1.06,0.01,0.01
2025/08/18 20:00,0,0.52,0,0
2025/08/18 21:00,0,0.77,0,0
2025/08/18 22:00,0,0.67,0,0.01
2025/08/18 23:00,0,0.34,0,0
2025/08/19 00:00,0,0.36,0,0
2025/08/19 01:00,0,0.35,0,0
2025/08/19 02:00,0,0.32,0,0.18
2025/08/19 03:00,0,0.34,0,0.38
2025/08/19 04:00,0,0.44,0,0.48
2025/08/19 05:00,0.21,0.43,0,0.25
2025/08/19 06:00,1.41,0.55,0.01,0.01
2025/08/19 07:00,3.13,0.61,0.21,0
2025/08/19 08:00,5.5,0.5,2.19,0
2025/08/19 09:00,4.99,0.45,3.86,0
2025/08/19 10:00,6.52,0.46,6.06,0
2025/08/19 11:00,7.6,0.45,7.15,0
2025/08/19 12:00,6.09,0.9,5.2,0
2025/08/19 13:00,5.99,0.47,5.52,0
2025/08/19 14:00,3.62,0.47,3.15,0
2025/08/19 15:00,4.63,0.48,4.15,0
2025/08/19 16:00,2.25,0.85,1.47,0
2025/08/19 17:00,0.31,0.96,0.01,0.01
2025/08/19 18:00,0.01,1.19,0.01,0.03
2025/08/19 19:00,0,1.29,0.01,0.02
2025/08/19 20:00,0,0.76,0,0
2025/08/19 21:00,0,0.76,0,0.01
2025/08/19 22:00,0,0.39,0,0
2025/08/19 23:00,0,0.31,0,0
2025/08/20 00:00,0,0.35,0,0.29
2025/08/20 01:00,0,0.32,0,0.35
2025/08/20 02:00,0,0.33,0,0.37
2025/08/20 03:00,0,0.29,0,0.33
2025/08/20 04:00,0,0.47,0,0.5
2025/08/20 05:00,0.06,0.43,0,0.38
2025/08/20 06:00,1.05,0.55,0,0.08
2025/08/20 07:00,1.8,0.47,0.01,0.01
2025/08/20 08:00,0.56,0.46,0,0
2025/08/20 09:00,3.37,0.39,1.49,0
2025/08/20 10:00,7.24,0.47,3.88,0
2025/08/20 11:00,3.76,0.45,3.02,0
2025/08/20 12:00,5.9,0.84,5.06,0
2025/08/20 13:00,4.4,0.54,3.86,0
2025/08/20 14:00,4.77,0.5,4.28,0
2025/08/20 15:00,0.8,0.5,0.42,0
2025/08/20 16:00,0.18,0.73,0.02,0.01
2025/08/20 17:00,0.04,0.77,0,0
2025/08/20 18:00,0,1.53,0.01,0.03
2025/08/20 19:00,0,1.13,0.01,0.04
2025/08/20 20:00,0,0.66,0,0
2025/08/20 21:00,0,0.62,0,0.01
2025/08/20 22:00,0,0.33,0,0.1
2025/08/20 23:00,0,0.26,0,0.29
2025/08/21 00:00,0,0.3,0,0.33
2025/08/21 01:00,0,0.45,0,0.48
2025/08/21 02:00,0,0.34,0,0.37
2025/08/21 03:00,0,0.31,0,0.34
2025/08/21 04:00,0,0.46,0,0.49
2025/08/21 05:00,0.16,0.45,0,0.3
2025/08/21 06:00,1.34,0.56,0,0.06
2025/08/21 07:00,3.09,0.44,0.1,0.01
2025/08/21 08:00,3.93,0.41,1.11,0
2025/08/21 09:00,5.13,0.47,3.69,0
2025/08/21 10:00,6.27,0.44,5.84,0
2025/08/21 11:00,5.88,0.56,5.32,0
2025/08/21 12:00,5.45,0.76,4.69,0
2025/08/21 13:00,4.78,0.48,4.3,0
2025/08/21 14:00,4.46,0.53,3.93,0
2025/08/21 15:00,4.51,0.47,4.04,0
2025/08/21 16:00,2.49,0.9,1.62,0
2025/08/21 17:00,0.59,1.06,0.01,0.02
2025/08/21 18:00,0.01,0.98,0.01,0.03
2025/08/21 19:00,0,0.93,0.01,0.01
2025/08/21 20:00,0,0.77,0,0
2025/08/21 21:00,0,0.69,0.01,0.01
2025/08/21 22:00,0,0.36,0,0.01
2025/08/21 23:00,0,0.31,0,0
2025/08/22 00:00,0,0.32,0,0
2025/08/22 01:00,0,0.27,0,0
2025/08/22 02:00,0,0.28,0,0.07
2025/08/22 03:00,0,0.28,0,0.32
2025/08/22 04:00,0,0.42,0,0.46
2025/08/22 05:00,0.13,0.32,0,0.2
2025/08/22 06:00,1.6,0.58,0.01,0.01
2025/08/22 07:00,4.25,0.35,0.6,0
2025/08/22 08:00,5,0.39,2.26,0
2025/08/22 09:00,6.57,0.43,6.14,0
2025/08/22 10:00,7.52,0.44,7.09,0
2025/08/22 11:00,6.12,0.49,5.63,0
2025/08/22 12:00,6.15,0.72,5.43,0
2025/08/22 13:00,4.63,0.47,4.16,0
2025/08/22 14:00,6.42,0.55,5.86,0
2025/08/22 15:00,4.45,0.71,3.74,0
2025/08/22 16:00,2.06,0.9,1.3,0.01
2025/08/22 17:00,0.59,1.05,0.02,0.01
2025/08/22 18:00,0.01,0.77,0.01,0.01
2025/08/22 19:00,0,1.18,0.01,0.04
2025/08/22 20:00,0,0.75,0,0
2025/08/22 21:00,0,0.72,0,0.01
2025/08/22 22:00,0,0.44,0.01,0.01
2025/08/22 23:00,0,0.36,0,0
2025/08/23 00:00,0,0.32,0,0
2025/08/23 01:00,0,0.31,0,0.05
2025/08/23 02:00,0,0.34,0,0.38
2025/08/23 03:00,0,0.33,0,0.37
2025/08/23 04:00,0,0.25,0,0.28
2025/08/23 05:00,0.05,0.26,0,0.22
2025/08/23 06:00,0.56,0.29,0,0.02
2025/08/23 07:00,1.97,0.72,0.01,0.01
2025/08/23 08:00,3.54,0.67,0.52,0
2025/08/23 09:00,2.62,0.5,0.02,0
2025/08/23 10:00,2.08,0.25,1.19,0
2025/08/23 11:00,1.53,0.55,0.99,0
2025/08/23 12:00,2.31,0.91,1.46,0
2025/08/23 13:00,2.43,0.47,1.95,0
2025/08/23 14:00,3.13,0.29,2.84,0
2025/08/23 15:00,1.66,0.25,1.41,0
2025/08/23 16:00,1.55,0.59,0.97,0
2025/08/23 17:00,0.55,1.5,0.02,0.03
2025/08/23 18:00,0.01,1.19,0.01,0.02
2025/08/23 19:00,0,0.91,0,0.01
2025/08/23 20:00,0,0.94,0,0
2025/08/23 21:00,0,1.07,0.01,0.01
2025/08/23 22:00,0,0.74,0,0.29
2025/08/23 23:00,0,0.53,0,0.56
2025/08/24 00:00,0,0.27,0,0.3
2025/08/24 01:00,0,0.32,0,0.35
2025/08/24 02:00,0,0.28,0,0.31
2025/08/24 03:00,0,0.28,0,0.31
2025/08/24 04:00,0,0.29,0,0.31
2025/08/24 05:00,0.03,0.27,0,0.25
2025/08/24 06:00,0.3,0.35,0,0.1
2025/08/24 07:00,0.49,0.6,0,0.28
2025/08/24 08:00,1.82,0.58,0.03,0.01
2025/08/24 09:00,6.09,0.54,2.55,0
2025/08/24 10:00,7.81,0.5,4.95,0
2025/08/24 11:00,4.97,0.47,4.5,0
2025/08/24 12:00,5.76,0.47,5.29,0
2025/08/24 13:00,3.73,0.56,3.17,0
2025/08/24 14:00,2.98,0.46,2.52,0
2025/08/24 15:00,3.43,0.57,2.85,0
2025/08/24 16:00,1.31,1.15,0.75,0.01
2025/08/24 17:00,0.24,1.75,0.02,0.04
2025/08/24 18:00,0,0.64,0,0
2025/08/24 19:00,0,0.87,0,0.01
2025/08/24 20:00,0,0.94,0,0.01
2025/08/24 21:00,0,0.99,0,0.01
2025/08/24 22:00,0,0.69,0,0.63
2025/08/24 23:00,0,0.43,0,0.46
2025/08/25 00:00,0,0.34,0,0.38
2025/08/25 01:00,0,0.31,0,0.35
2025/08/25 02:00,0,0.32,0,0.36
2025/08/25 03:00,0,0.34,0,0.38
2025/08/25 04:00,0,0.46,0,0.5
2025/08/25 05:00,0.02,0.51,0,0.51
2025/08/25 06:00,0.17,0.51,0,0.35
2025/08/25 07:00,0.59,0.56,0,0.08
2025/08/25 08:00,0.8,0.46,0,0
2025/08/25 09:00,1.23,0.6,0,0
2025/08/25 10:00,3.09,0.57,0.23,0
2025/08/25 11:00,4.23,0.61,0.87,0
2025/08/25 12:00,3.26,0.71,1.98,0
2025/08/25 13:00,3.49,0.61,2.88,0
2025/08/25 14:00,5.47,0.57,4.9,0
2025/08/25 15:00,3.92,0.59,3.33,0
2025/08/25 16:00,1.63,1.01,0.75,0.01
2025/08/25 17:00,0.51,0.99,0.01,0.01
2025/08/25 18:00,0,0.72,0.01,0.01
2025/08/25 19:00,0,0.54,0,0.01
2025/08/25 20:00,0,1.37,0.01,0.01
2025/08/25 21:00,0,0.45,0,0.01
2025/08/25 22:00,0,0.32,0,0
2025/08/25 23:00,0,0.3,0,0
2025/08/26 00:00,0,0.31,0,0
2025/08/26 01:00,0,0.28,0,0
2025/08/26 02:00,0,0.32,0,0
2025/08/26 03:00,0,0.27,0,0.14
2025/08/26 04:00,0,0.49,0,0.53
2025/08/26 05:00,0.01,0.44,0,0.45
2025/08/26 06:00,0.25,0.44,0,0.22
2025/08/26 07:00,0.48,0.49,0,0.08
2025/08/26 08:00,1.16,0.47,0,0
2025/08/26 09:00,1.73,0.39,0,0
2025/08/26 10:00,3.62,0.39,0.54,0
2025/08/26 11:00,2.29,0.43,0.16,0
2025/08/26 12:00,5.24,0.85,4.2,0
2025/08/26 13:00,5.72,0.8,4.93,0
2025/08/26 14:00,0.49,0.71,0.12,0.01
2025/08/26 15:00,1.49,1.04,0.46,0
2025/08/26 16:00,3.07,1.55,1.55,0.01
2025/08/26 17:00,0.55,1.09,0.01,0.01
2025/08/26 18:00,0,0.86,0.01,0.02
2025/08/26 19:00,0,0.88,0,0.01
2025/08/26 20:00,0,0.62,0,0
2025/08/26 21:00,0,0.88,0.01,0.01
2025/08/26 22:00,0,0.36,0,0
2025/08/26 23:00,0,0.37,0,0
2025/08/27 00:00,0,0.32,0,0
2025/08/27 01:00,0,0.27,0,0.04
2025/08/27 02:00,0,0.27,0,0.3
2025/08/27 03:00,0,0.28,0,0.32
2025/08/27 04:00,0,0.46,0,0.49
2025/08/27 05:00,0,0.37,0,0.39
2025/08/27 06:00,0.53,0.66,0,0.26
2025/08/27 07:00,0.94,0.48,0,0.02
2025/08/27 08:00,0.38,0.16,0,0
2025/08/27 09:00,0.19,0.46,0.01,0.01
2025/08/27 10:00,1.07,0.39,0.01,0
2025/08/27 11:00,3.26,0.41,0.22,0
2025/08/27 12:00,2.53,0.7,0.01,0.01
2025/08/27 13:00,4.8,0.47,3.51,0
2025/08/27 14:00,2.04,0.42,1.62,0
2025/08/27 15:00,2.32,0.48,1.83,0
2025/08/27 16:00,2.15,0.78,1.37,0
2025/08/27 17:00,0.88,0.99,0.17,0.01
2025/08/27 18:00,0,1.17,0.01,0.02
2025/08/27 19:00,0,1.18,0.01,0.02
2025/08/27 20:00,0,0.77,0,0
2025/08/27 21:00,0,0.65,0,0.01
2025/08/27 22:00,0,0.35,0,0.01
2025/08/27 23:00,0,0.27,0,0
2025/08/28 00:00,0,0.27,0,0
2025/08/28 01:00,0,0.27,0,0
2025/08/28 02:00,0,0.29,0,0.1
2025/08/28 03:00,0,0.27,0,0.3
2025/08/28 04:00,0,0.47,0,0.5
2025/08/28 05:00,0.34,0.35,0,0.16
2025/08/28 06:00,1.3,0.54,0.01,0.01
2025/08/28 07:00,3.97,0.46,0.51,0
2025/08/28 08:00,5.82,0.41,2.64,0
2025/08/28 09:00,6.73,0.37,6.32,0
2025/08/28 10:00,7.28,0.4,6.88,0
2025/08/28 11:00,7.5,0.43,7.06,0
2025/08/28 12:00,7.69,0.71,6.98,0
2025/08/28 13:00,7.21,0.52,6.68,0
2025/08/28 14:00,5.4,0.5,4.9,0
2025/08/28 15:00,4.44,0.6,3.84,0
2025/08/28 16:00,2.34,0.9,1.51,0.01
2025/08/28 17:00,0.65,0.99,0.04,0.01
2025/08/28 18:00,0,0.72,0,0
2025/08/28 19:00,0,1.12,0.01,0.03
2025/08/28 20:00,0,0.67,0,0
2025/08/28 21:00,0,0.76,0,0.01
2025/08/28 22:00,0,0.47,0,0.01
2025/08/28 23:00,0,0.31,0,0
2025/08/29 00:00,0,0.37,0,0
2025/08/29 01:00,0,0.31,0,0
2025/08/29 02:00,0,0.33,0,0.16
2025/08/29 03:00,0,0.34,0,0.37
2025/08/29 04:00,0,0.61,0,0.64
2025/08/29 05:00,0.05,0.45,0,0.41
2025/08/29 06:00,0.64,0.59,0,0.14
2025/08/29 07:00,2.72,0.4,0.12,0.01
2025/08/29 08:00,4.67,0.39,1.37,0
2025/08/29 09:00,2.5,0.33,0.78,0
2025/08/29 10:00,1.18,0.37,0.81,0
2025/08/29 11:00,1.91,0.36,1.56,0
2025/08/29 12:00,1.99,0.51,1.48,0
2025/08/29 13:00,3.75,0.47,3.28,0
2025/08/29 14:00,4.45,0.65,3.8,0
